ACG2021-2203-1018,ACG2021-2203-1019,2203-1018,2203-1019,ACG2021
ARH1000-2203-7256,ARH1000-2203-7257,2203-7256,2203-7257,ARH1000
BSC1005-2203-1631,BSC1005-2203-8180,2203-1631,2203-8180,BSC1005
BSC2085-2203-1730,BSC2085-2203-1838,2203-1730,2203-1838,BSC2085
BSC2085-2203-1731,BSC2085-2203-8181,2203-1731,2203-8181,BSC2085
BSC2085L-2203-1523,BSC2085L-2203-1525,2203-1523,2203-1525,BSC2085L
BSC2085L-2203-1523,BSC2085L-2203-1527,2203-1523,2203-1527,BSC2085L
BSC2085L-2203-1524,BSC2085L-2203-1526,2203-1524,2203-1526,BSC2085L
BSC2085L-2203-1524,BSC2085L-2203-1839,2203-1524,2203-1839,BSC2085L
BSC2086-2203-1764,BSC2086-2203-1765,2203-1764,2203-1765,BSC2086
BSC2086-2203-1766,BSC2086-2203-1768,2203-1766,2203-1768,BSC2086
BSC2086-2203-7354,BSC2086-2203-8182,2203-7354,2203-8182,BSC2086
BSC2086L-2203-1575,BSC2086L-2203-1576,2203-1575,2203-1576,BSC2086L
BSC2086L-2203-1578,BSC2086L-2203-1579,2203-1578,2203-1579,BSC2086L
CGS1060C-2203-2478,CGS1060C-2203-2479,2203-2478,2203-2479,CGS1060C
CGS1060C-2203-2480,CGS1060C-2203-2661,2203-2480,2203-2661,CGS1060C
CGS1060C-2203-2482,CGS1060C-2203-8195,2203-2482,2203-8195,CGS1060C
CGS1060C-2203-2483,CGS1060C-2203-8197,2203-2483,2203-8197,CGS1060C
CGS1060C-2203-2486,CGS1060C-2203-14006,2203-2486,2203-14006,CGS1060C
CLP1006-2203-6396,CLP1006-2203-6569,2203-6396,2203-6569,CLP1006
CLP1006-2203-6400,CLP1006-2203-13953,2203-6400,2203-13953,CLP1006
DEP2000-2203-6462,DEP2000-2203-6467,2203-6462,2203-6467,DEP2000
DEP2000-2203-6462,DEP2000-2203-8211,2203-6462,2203-8211,DEP2000
DEP2000-2203-6465,DEP2000-2203-6571,2203-6465,2203-6571,DEP2000
DEP2000-2203-6466,DEP2000-2203-6572,2203-6466,2203-6572,DEP2000
ECO2013-2203-3000,ECO2013-2203-3002,2203-3000,2203-3002,ECO2013
ECO2013-2203-3000,ECO2013-2203-3004,2203-3000,2203-3004,ECO2013
ECO2023-2203-2948,ECO2023-2203-2949,2203-2948,2203-2949,ECO2023
ECO2023-2203-2948,ECO2023-2203-2950,2203-2948,2203-2950,ECO2023
ECO2023-2203-2951,ECO2023-2203-8215,2203-2951,2203-8215,ECO2023
EDF2085-2203-3045,EDF2085-2203-3048,2203-3045,2203-3048,EDF2085
ENC1101-2203-3346,ENC1101-2203-3347,2203-3346,2203-3347,ENC1101
ENC1101-2203-3350,ENC1101-2203-3660,2203-3350,2203-3660,ENC1101
ENC1101-2203-3350,ENC1101-2203-14011,2203-3350,2203-14011,ENC1101
ENC1101-2203-3352,ENC1101-2203-3662,2203-3352,2203-3662,ENC1101
ENC1101-2203-3353,ENC1101-2203-7340,2203-3353,2203-7340,ENC1101
ENC1102-2203-3564,ENC1102-2203-3565,2203-3564,2203-3565,ENC1102
ENC1102-2203-3566,ENC1102-2203-3577,2203-3566,2203-3577,ENC1102
ENC1102-2203-3566,ENC1102-2203-3589,2203-3566,2203-3589,ENC1102
ENC1102-2203-3569,ENC1102-2203-3580,2203-3569,2203-3580,ENC1102
ENC1102-2203-3569,ENC1102-2203-7342,2203-3569,2203-7342,ENC1102
ENC1102-2203-3571,ENC1102-2203-3582,2203-3571,2203-3582,ENC1102
ENC1102-2203-3571,ENC1102-2203-14023,2203-3571,2203-14023,ENC1102
ENC2300-2203-3665,ENC2300-2203-3667,2203-3665,2203-3667,ENC2300
ENC2300-2203-3665,ENC2300-2203-14030,2203-3665,2203-14030,ENC2300
EVR1001-2203-7264,EVR1001-2203-7266,2203-7264,2203-7266,EVR1001
EVR1001-2203-7264,EVR1001-2203-7268,2203-7264,2203-7268,EVR1001
EVR1001-2203-7265,EVR1001-2203-7267,2203-7265,2203-7267,EVR1001
EVR1001-2203-7265,EVR1001-2203-8226,2203-7265,2203-8226,EVR1001
GEB1011-2203-1997,GEB1011-2203-1998,2203-1997,2203-1998,GEB1011
GEB1011-2203-1997,GEB1011-2203-2000,2203-1997,2203-2000,GEB1011
GEB1011-2203-1999,GEB1011-2203-2001,2203-1999,2203-2001,GEB1011
HLP1081-2203-5426,HLP1081-2203-5430,2203-5426,2203-5430,HLP1081
HUM1020-2203-4440,HUM1020-2203-4441,2203-4440,2203-4441,HUM1020
HUM1020-2203-4440,HUM1020-2203-4442,2203-4440,2203-4442,HUM1020
HUM1020-2203-4443,HUM1020-2203-4448,2203-4443,2203-4448,HUM1020
HUM1020-2203-4443,HUM1020-2203-7344,2203-4443,2203-7344,HUM1020
HUM1020-2203-4444,HUM1020-2203-4449,2203-4444,2203-4449,HUM1020
HUM1020-2203-4444,HUM1020-2203-7345,2203-4444,2203-7345,HUM1020
HUM1020-2203-4445,HUM1020-2203-4450,2203-4445,2203-4450,HUM1020
HUM1020-2203-4447,HUM1020-2203-4520,2203-4447,2203-4520,HUM1020
HUN1201-2203-5458,HUN1201-2203-5459,2203-5458,2203-5459,HUN1201
HUN1201-2203-5458,HUN1201-2203-5462,2203-5458,2203-5462,HUN1201
HUN1201-2203-5460,HUN1201-2203-5461,2203-5460,2203-5461,HUN1201
HUN1201-2203-5460,HUN1201-2203-5463,2203-5460,2203-5463,HUN1201
ISS1120-2203-6666,ISS1120-2203-6667,2203-6666,2203-6667,ISS1120
MAC1105-2203-4884,MAC1105-2203-4885,2203-4884,2203-4885,MAC1105
MAC1105-2203-4888,MAC1105-2203-4896,2203-4888,2203-4896,MAC1105
MAN3301-2203-7248,MAN3301-2203-14071,2203-7248,2203-14071,MAN3301
MAR1011-2203-1966,MAR1011-2203-14075,2203-1966,2203-14075,MAR1011
MAT0028-2203-6294,MAT0028-2203-14085,2203-6294,2203-14085,MAT0028
MCB2010-2203-1816,MCB2010-2203-1817,2203-1816,2203-1817,MCB2010
MGF1106-2203-8250,MGF1106-2203-4796,2203-8250,2203-4796,MGF1106
MKA1161-2203-1935,MKA1161-2203-7359,2203-1935,2203-7359,MKA1161
MUL1010-2203-4493,MUL1010-2203-4494,2203-4493,2203-4494,MUL1010
MUL2380-2203-4514,MUL2380-2203-4515,2203-4514,2203-4515,MUL2380
NUR3045-2203-5549,NUR3045-2203-5550,2203-5549,2203-5550,NUR3045
OCE1001-2203-3776,OCE1001-2203-3779,2203-3776,2203-3779,OCE1001
PHI2010-2203-5935,PHI2010-2203-5936,2203-5935,2203-5936,PHI2010
POS2041-2203-6228,POS2041-2203-6231,2203-6228,2203-6231,POS2041
PSY2012-2203-6534,PSY2012-2203-6536,2203-6534,2203-6536,PSY2012
PSY2012-2203-6534,PSY2012-2203-6575,2203-6534,2203-6575,PSY2012
PSY2012-2203-6538,PSY2012-2203-8261,2203-6538,2203-8261,PSY2012
PSY2012-2203-6539,PSY2012-2203-8264,2203-6539,2203-8264,PSY2012
SLS1106-2203-7250,SLS1106-2203-7271,2203-7250,2203-7271,SLS1106
SLS1106-2203-7250,SLS1106-2203-7272,2203-7250,2203-7272,SLS1106
SPC1017-2203-6923,SPC1017-2203-6924,2203-6923,2203-6924,SPC1017
SPC1017-2203-6925,SPC1017-2203-6931,2203-6925,2203-6931,SPC1017
SPC1017-2203-6925,SPC1017-2203-6939,2203-6925,2203-6939,SPC1017
SPC1017-2203-6926,SPC1017-2203-6932,2203-6926,2203-6932,SPC1017
SPC1017-2203-6926,SPC1017-2203-6940,2203-6926,2203-6940,SPC1017
SPC1017-2203-6928,SPC1017-2203-6936,2203-6928,2203-6936,SPC1017
SPC1017-2203-6928,SPC1017-2203-6944,2203-6928,2203-6944,SPC1017
SPC1017-2203-6930,SPC1017-2203-6938,2203-6930,2203-6938,SPC1017
SPC1017-2203-6934,SPC1017-2203-6942,2203-6934,2203-6942,SPC1017
SPC1017-2203-6935,SPC1017-2203-6943,2203-6935,2203-6943,SPC1017
SPN1120-2203-4188,SPN1120-2203-7251,2203-4188,2203-7251,SPN1120
SPN1120-2203-8274,SPN1120-2203-8275,2203-8274,2203-8275,SPN1120
SPN1120-2203-8274,SPN1120-2203-9712,2203-8274,2203-9712,SPN1120
SPN1121-2203-7277,SPN1121-2203-7279,2203-7277,2203-7279,SPN1121
STA2023-2203-4729,STA2023-2203-4730,2203-4729,2203-4730,STA2023
STA2023-2203-4731,STA2023-2203-4738,2203-4731,2203-4738,STA2023
STA2023-2203-4732,STA2023-2203-14050,2203-4732,2203-14050,STA2023
SYG2000-2203-6713,SYG2000-2203-6715,2203-6713,2203-6715,SYG2000
SYG2000-2203-6713,SYG2000-2203-6719,2203-6713,2203-6719,SYG2000
SYG2000-2203-6714,SYG2000-2203-6716,2203-6714,2203-6716,SYG2000
SYG2000-2203-6714,SYG2000-2203-6720,2203-6714,2203-6720,SYG2000
