ACG2001,0,1/1/2019,1/1/2019,1,12/9/2019,12/11/2019,9/23/2019,9/25/2019,10/15/2019,10/17/2019,11/25/2019,11/27/2019,12/17/2019,12/19/2019
ACG2001L,0,1/1/2019,1/1/2019,0,1/1/2019,1/1/2019,9/23/2019,9/25/2019,10/15/2019,10/17/2019,11/25/2019,11/27/2019,12/17/2019,12/19/2019
ACG2011,0,1/1/2019,1/1/2019,1,12/9/2019,12/11/2019,9/23/2019,9/25/2019,10/15/2019,10/17/2019,11/25/2019,11/27/2019,12/17/2019,12/19/2019
ACG2011L,0,1/1/2019,1/1/2019,0,1/1/2019,1/1/2019,9/23/2019,9/25/2019,10/15/2019,10/17/2019,11/25/2019,11/27/2019,12/17/2019,12/19/2019
ACG2021,0,1/1/2019,1/1/2019,1,12/9/2019,12/11/2019,9/23/2019,9/25/2019,10/15/2019,10/17/2019,11/25/2019,11/27/2019,12/17/2019,12/19/2019
ACG2021L,0,1/1/2019,1/1/2019,0,1/1/2019,1/1/2019,9/23/2019,9/25/2019,10/15/2019,10/17/2019,11/25/2019,11/27/2019,12/17/2019,12/19/2019
ACG2031,0,1/1/2019,1/1/2019,0,1/1/2019,1/1/2019,9/23/2019,9/25/2019,10/15/2019,10/17/2019,11/25/2019,11/27/2019,12/17/2019,12/19/2019
ACG2071,0,1/1/2019,1/1/2019,1,12/9/2019,12/11/2019,9/23/2019,9/25/2019,10/15/2019,10/17/2019,11/25/2019,11/27/2019,12/17/2019,12/19/2019
ACG2071L,0,1/1/2019,1/1/2019,0,1/1/2019,1/1/2019,9/23/2019,9/25/2019,10/15/2019,10/17/2019,11/25/2019,11/27/2019,12/17/2019,12/19/2019
ACG2450,0,1/1/2019,1/1/2019,1,12/9/2019,12/11/2019,9/23/2019,9/25/2019,10/15/2019,10/17/2019,11/25/2019,11/27/2019,12/17/2019,12/19/2019
AMH2010,1,10/23/2019,10/25/2019,1,12/17/2019,12/19/2019,9/23/2019,9/25/2019,10/15/2019,10/17/2019,11/25/2019,11/27/2019,12/17/2019,12/19/2019
AMH2020,1,10/23/2019,10/25/2019,1,12/17/2019,12/19/2019,9/23/2019,9/25/2019,10/15/2019,10/17/2019,11/25/2019,11/27/2019,12/17/2019,12/19/2019
ARC2701,0,1/1/2019,1/1/2019,1,12/9/2019,12/11/2019,9/23/2019,9/25/2019,10/15/2019,10/17/2019,11/25/2019,11/27/2019,12/17/2019,12/19/2019
ARC2461,1,10/16/2019,10/18/2019,1,12/11/2019,12/13/2019,9/23/2019,9/25/2019,10/15/2019,10/17/2019,11/25/2019,11/27/2019,12/17/2019,12/19/2019
ARC2702,0,1/1/2019,1/1/2019,1,12/9/2019,12/11/2019,9/23/2019,9/25/2019,10/15/2019,10/17/2019,11/25/2019,11/27/2019,12/17/2019,12/19/2019
ARH1000,0,1/1/2019,1/1/2019,1,12/9/2019,12/11/2019,9/23/2019,9/25/2019,10/15/2019,10/17/2019,11/25/2019,11/27/2019,12/17/2019,12/19/2019
AVM2515,1,10/16/2019,10/18/2019,0,1/1/2019,1/1/2019,9/23/2019,9/25/2019,10/15/2019,10/17/2019,11/25/2019,11/27/2019,12/17/2019,12/19/2019
BSC1005,1,10/14/2019,10/16/2019,1,12/13/2019,12/17/2019,9/23/2019,9/25/2019,10/15/2019,10/17/2019,11/25/2019,11/27/2019,12/17/2019,12/19/2019
BSC1050,0,1/1/2019,1/1/2019,1,12/13/2019,12/17/2019,9/23/2019,9/25/2019,10/15/2019,10/17/2019,11/25/2019,11/27/2019,12/17/2019,12/19/2019
BSC2010,1,10/14/2019,10/16/2019,1,12/13/2019,12/17/2019,9/23/2019,9/25/2019,10/15/2019,10/17/2019,11/25/2019,11/27/2019,12/17/2019,12/19/2019
BSC2085,1,10/21/2019,10/23/2019,1,12/17/2019,12/19/2019,9/23/2019,9/25/2019,10/15/2019,10/17/2019,11/25/2019,11/27/2019,12/17/2019,12/19/2019
BSC2085L,1,10/21/2019,10/23/2019,1,12/17/2019,12/19/2019,9/23/2019,9/25/2019,10/15/2019,10/17/2019,11/25/2019,11/27/2019,12/17/2019,12/19/2019
BSC2086,1,10/21/2019,10/23/2019,1,12/17/2019,12/19/2019,9/23/2019,9/25/2019,10/15/2019,10/17/2019,11/25/2019,11/27/2019,12/17/2019,12/19/2019
BSC2086L,1,10/21/2019,10/23/2019,1,12/17/2019,12/19/2019,9/23/2019,9/25/2019,10/15/2019,10/17/2019,11/25/2019,11/27/2019,12/17/2019,12/19/2019
BUL2241,1,10/23/2019,10/25/2019,0,1/1/2019,1/1/2019,9/23/2019,9/25/2019,10/15/2019,10/17/2019,11/25/2019,11/27/2019,12/17/2019,12/19/2019
BUL4461,0,1/1/2019,1/1/2019,1,12/17/2019,12/19/2019,9/23/2019,9/25/2019,10/15/2019,10/17/2019,11/25/2019,11/27/2019,12/17/2019,12/19/2019
CCJ1010,1,10/14/2019,10/16/2019,1,12/17/2019,12/19/2019,9/23/2019,9/25/2019,10/15/2019,10/17/2019,11/25/2019,11/27/2019,12/17/2019,12/19/2019
CCJ1020,1,10/14/2019,10/16/2019,1,12/17/2019,12/19/2019,9/23/2019,9/25/2019,10/15/2019,10/17/2019,11/25/2019,11/27/2019,12/17/2019,12/19/2019
CCJ1191,1,10/14/2019,10/16/2019,1,12/17/2019,12/19/2019,9/23/2019,9/25/2019,10/15/2019,10/17/2019,11/25/2019,11/27/2019,12/17/2019,12/19/2019
CCJ2650,1,10/14/2019,10/16/2019,0,1/1/2019,1/1/2019,9/23/2019,9/25/2019,10/15/2019,10/17/2019,11/25/2019,11/27/2019,12/17/2019,12/19/2019
CCJ3032,0,1/1/2019,1/1/2019,1,10/15/2019,10/17/2019,9/23/2019,9/25/2019,10/15/2019,10/17/2019,11/25/2019,11/27/2019,12/17/2019,12/19/2019
CCJ3663,1,9/23/2019,9/25/2019,0,1/1/2019,1/1/2019,9/23/2019,9/25/2019,10/15/2019,10/17/2019,11/25/2019,11/27/2019,12/17/2019,12/19/2019
CCJ3666,1,9/23/2019,9/25/2019,0,1/1/2019,1/1/2019,9/23/2019,9/25/2019,10/15/2019,10/17/2019,11/25/2019,11/27/2019,12/17/2019,12/19/2019
CCJ3700,1,9/23/2019,9/25/2019,0,1/1/2019,1/1/2019,9/23/2019,9/25/2019,10/15/2019,10/17/2019,11/25/2019,11/27/2019,12/17/2019,12/19/2019
CCJ4054,0,1/1/2019,1/1/2019,1,12/17/2019,12/19/2019,9/23/2019,9/25/2019,10/15/2019,10/17/2019,11/25/2019,11/27/2019,12/17/2019,12/19/2019
CCJ4450,0,1/1/2019,1/1/2019,1,10/15/2019,10/17/2019,9/23/2019,9/25/2019,10/15/2019,10/17/2019,11/25/2019,11/27/2019,12/17/2019,12/19/2019
CCJ4651,1,11/25/2019,11/27/2019,0,1/1/2019,1/1/2019,9/23/2019,9/25/2019,10/15/2019,10/17/2019,11/25/2019,11/27/2019,12/17/2019,12/19/2019
CCJ4660,1,9/23/2019,9/25/2019,0,1/1/2019,1/1/2019,9/23/2019,9/25/2019,10/15/2019,10/17/2019,11/25/2019,11/27/2019,12/17/2019,12/19/2019
CGS1060C,0,1/1/2019,1/1/2019,1,12/17/2019,12/19/2019,9/23/2019,9/25/2019,10/15/2019,10/17/2019,11/25/2019,11/27/2019,12/17/2019,12/19/2019
CGS1540C,1,10/16/2019,10/18/2019,0,1/1/2019,1/1/2019,9/23/2019,9/25/2019,10/15/2019,10/17/2019,11/25/2019,11/27/2019,12/17/2019,12/19/2019
CGS1560,0,1/1/2019,1/1/2019,1,12/17/2019,12/19/2019,9/23/2019,9/25/2019,10/15/2019,10/17/2019,11/25/2019,11/27/2019,12/17/2019,12/19/2019
CGS2091,0,1/1/2019,1/1/2019,1,12/17/2019,12/19/2019,9/23/2019,9/25/2019,10/15/2019,10/17/2019,11/25/2019,11/27/2019,12/17/2019,12/19/2019
CGS2108,0,1/1/2019,1/1/2019,1,12/17/2019,12/19/2019,9/23/2019,9/25/2019,10/15/2019,10/17/2019,11/25/2019,11/27/2019,12/17/2019,12/19/2019
CGS3763,1,10/21/2019,10/23/2019,0,1/1/2019,1/1/2019,9/23/2019,9/25/2019,10/15/2019,10/17/2019,11/25/2019,11/27/2019,12/17/2019,12/19/2019
CIS1321,1,9/23/2019,9/25/2019,1,10/15/2019,10/17/2019,9/23/2019,9/25/2019,10/15/2019,10/17/2019,11/25/2019,11/27/2019,12/17/2019,12/19/2019
CIS2322,0,1/1/2019,1/1/2019,1,12/13/2019,12/17/2019,9/23/2019,9/25/2019,10/15/2019,10/17/2019,11/25/2019,11/27/2019,12/17/2019,12/19/2019
CIS2331,1,10/23/2019,10/25/2019,1,12/13/2019,12/17/2019,9/23/2019,9/25/2019,10/15/2019,10/17/2019,11/25/2019,11/27/2019,12/17/2019,12/19/2019
CIS3360,1,10/21/2019,10/23/2019,1,12/17/2019,12/19/2019,9/23/2019,9/25/2019,10/15/2019,10/17/2019,11/25/2019,11/27/2019,12/17/2019,12/19/2019
CIS3510,1,10/21/2019,10/23/2019,1,12/17/2019,12/19/2019,9/23/2019,9/25/2019,10/15/2019,10/17/2019,11/25/2019,11/27/2019,12/17/2019,12/19/2019
CIS4617,1,10/21/2019,10/23/2019,0,1/1/2019,1/1/2019,9/23/2019,9/25/2019,10/15/2019,10/17/2019,11/25/2019,11/27/2019,12/17/2019,12/19/2019
CJC1000,1,10/14/2019,10/16/2019,0,1/1/2019,1/1/2019,9/23/2019,9/25/2019,10/15/2019,10/17/2019,11/25/2019,11/27/2019,12/17/2019,12/19/2019
CJC1162,1,10/14/2019,10/16/2019,0,1/1/2019,1/1/2019,9/23/2019,9/25/2019,10/15/2019,10/17/2019,11/25/2019,11/27/2019,12/17/2019,12/19/2019
CJC4311,0,1/1/2019,1/1/2019,1,10/15/2019,10/17/2019,9/23/2019,9/25/2019,10/15/2019,10/17/2019,11/25/2019,11/27/2019,12/17/2019,12/19/2019
CJE1640,0,1/1/2019,1/1/2019,1,12/13/2019,12/17/2019,9/23/2019,9/25/2019,10/15/2019,10/17/2019,11/25/2019,11/27/2019,12/17/2019,12/19/2019
CJE2600,1,10/14/2019,10/16/2019,1,12/17/2019,12/19/2019,9/23/2019,9/25/2019,10/15/2019,10/17/2019,11/25/2019,11/27/2019,12/17/2019,12/19/2019
CJE3115,1,11/25/2019,11/27/2019,1,12/17/2019,12/19/2019,9/23/2019,9/25/2019,10/15/2019,10/17/2019,11/25/2019,11/27/2019,12/17/2019,12/19/2019
CJE3574,1,11/25/2019,11/27/2019,0,1/1/2019,1/1/2019,9/23/2019,9/25/2019,10/15/2019,10/17/2019,11/25/2019,11/27/2019,12/17/2019,12/19/2019
CJE4615,1,11/25/2019,11/27/2019,0,1/1/2019,1/1/2019,9/23/2019,9/25/2019,10/15/2019,10/17/2019,11/25/2019,11/27/2019,12/17/2019,12/19/2019
CJJ2002,0,1/1/2019,1/1/2019,1,12/11/2019,12/13/2019,9/23/2019,9/25/2019,10/15/2019,10/17/2019,11/25/2019,11/27/2019,12/17/2019,12/19/2019
CJL1100,1,10/14/2019,10/16/2019,1,12/17/2019,12/19/2019,9/23/2019,9/25/2019,10/15/2019,10/17/2019,11/25/2019,11/27/2019,12/17/2019,12/19/2019
CJL2062,1,10/14/2019,10/16/2019,0,1/1/2019,1/1/2019,9/23/2019,9/25/2019,10/15/2019,10/17/2019,11/25/2019,11/27/2019,12/17/2019,12/19/2019
CJL3044,1,9/23/2019,9/25/2019,1,10/15/2019,10/17/2019,9/23/2019,9/25/2019,10/15/2019,10/17/2019,11/25/2019,11/27/2019,12/17/2019,12/19/2019
CJL3564,1,9/23/2019,9/25/2019,0,1/1/2019,1/1/2019,9/23/2019,9/25/2019,10/15/2019,10/17/2019,11/25/2019,11/27/2019,12/17/2019,12/19/2019
CLP1006,1,10/21/2019,10/23/2019,0,1/1/2019,1/1/2019,9/23/2019,9/25/2019,10/15/2019,10/17/2019,11/25/2019,11/27/2019,12/17/2019,12/19/2019
CLP2140,0,1/1/2019,1/1/2019,1,12/9/2019,12/11/2019,9/23/2019,9/25/2019,10/15/2019,10/17/2019,11/25/2019,11/27/2019,12/17/2019,12/19/2019
CNT4702,0,1/1/2019,1/1/2019,1,12/17/2019,12/19/2019,9/23/2019,9/25/2019,10/15/2019,10/17/2019,11/25/2019,11/27/2019,12/17/2019,12/19/2019
COP1332,0,1/1/2019,1/1/2019,1,12/17/2019,12/19/2019,9/23/2019,9/25/2019,10/15/2019,10/17/2019,11/25/2019,11/27/2019,12/17/2019,12/19/2019
COP1334,1,10/21/2019,10/23/2019,0,1/1/2019,1/1/2019,9/23/2019,9/25/2019,10/15/2019,10/17/2019,11/25/2019,11/27/2019,12/17/2019,12/19/2019
COP2333,1,10/21/2019,10/23/2019,1,12/17/2019,12/19/2019,9/23/2019,9/25/2019,10/15/2019,10/17/2019,11/25/2019,11/27/2019,12/17/2019,12/19/2019
COP2335,0,1/1/2019,1/1/2019,1,12/17/2019,12/19/2019,9/23/2019,9/25/2019,10/15/2019,10/17/2019,11/25/2019,11/27/2019,12/17/2019,12/19/2019
COP2800,0,1/1/2019,1/1/2019,1,12/17/2019,12/19/2019,9/23/2019,9/25/2019,10/15/2019,10/17/2019,11/25/2019,11/27/2019,12/17/2019,12/19/2019
COP2805C,0,1/1/2019,1/1/2019,1,12/17/2019,12/19/2019,9/23/2019,9/25/2019,10/15/2019,10/17/2019,11/25/2019,11/27/2019,12/17/2019,12/19/2019
COP2822,0,1/1/2019,1/1/2019,1,12/17/2019,12/19/2019,9/23/2019,9/25/2019,10/15/2019,10/17/2019,11/25/2019,11/27/2019,12/17/2019,12/19/2019
CTS1131,0,1/1/2019,1/1/2019,1,12/13/2019,12/17/2019,9/23/2019,9/25/2019,10/15/2019,10/17/2019,11/25/2019,11/27/2019,12/17/2019,12/19/2019
CTS1134,0,1/1/2019,1/1/2019,1,12/13/2019,12/17/2019,9/23/2019,9/25/2019,10/15/2019,10/17/2019,11/25/2019,11/27/2019,12/17/2019,12/19/2019
CTS2463,0,1/1/2019,1/1/2019,1,12/13/2019,12/17/2019,9/23/2019,9/25/2019,10/15/2019,10/17/2019,11/25/2019,11/27/2019,12/17/2019,12/19/2019
DEP2000,1,10/21/2019,10/23/2019,0,1/1/2019,1/1/2019,9/23/2019,9/25/2019,10/15/2019,10/17/2019,11/25/2019,11/27/2019,12/17/2019,12/19/2019
DSC1006,1,10/14/2019,10/16/2019,0,1/1/2019,1/1/2019,9/23/2019,9/25/2019,10/15/2019,10/17/2019,11/25/2019,11/27/2019,12/17/2019,12/19/2019
DSC2242,0,1/1/2019,1/1/2019,1,12/13/2019,12/17/2019,9/23/2019,9/25/2019,10/15/2019,10/17/2019,11/25/2019,11/27/2019,12/17/2019,12/19/2019
DSC2590,1,10/14/2019,10/16/2019,1,12/13/2019,12/17/2019,9/23/2019,9/25/2019,10/15/2019,10/17/2019,11/25/2019,11/27/2019,12/17/2019,12/19/2019
EAP1600,1,10/21/2019,10/23/2019,0,1/1/2019,1/1/2019,9/23/2019,9/25/2019,10/15/2019,10/17/2019,11/25/2019,11/27/2019,12/17/2019,12/19/2019
EAP1600L,1,10/21/2019,10/23/2019,0,1/1/2019,1/1/2019,9/23/2019,9/25/2019,10/15/2019,10/17/2019,11/25/2019,11/27/2019,12/17/2019,12/19/2019
EAP1620,0,1/1/2019,1/1/2019,1,12/11/2019,12/13/2019,9/23/2019,9/25/2019,10/15/2019,10/17/2019,11/25/2019,11/27/2019,12/17/2019,12/19/2019
EAP1640,0,1/1/2019,1/1/2019,1,12/11/2019,12/13/2019,9/23/2019,9/25/2019,10/15/2019,10/17/2019,11/25/2019,11/27/2019,12/17/2019,12/19/2019
EAP1640L,0,1/1/2019,1/1/2019,1,12/11/2019,12/13/2019,9/23/2019,9/25/2019,10/15/2019,10/17/2019,11/25/2019,11/27/2019,12/17/2019,12/19/2019
EAP1660,0,1/1/2019,1/1/2019,1,12/11/2019,12/13/2019,9/23/2019,9/25/2019,10/15/2019,10/17/2019,11/25/2019,11/27/2019,12/17/2019,12/19/2019
ECO2013,1,10/16/2019,10/18/2019,1,12/11/2019,12/13/2019,9/23/2019,9/25/2019,10/15/2019,10/17/2019,11/25/2019,11/27/2019,12/17/2019,12/19/2019
ECO2023,1,10/16/2019,10/18/2019,1,12/11/2019,12/13/2019,9/23/2019,9/25/2019,10/15/2019,10/17/2019,11/25/2019,11/27/2019,12/17/2019,12/19/2019
ECO2301,1,10/16/2019,10/18/2019,0,1/1/2019,1/1/2019,9/23/2019,9/25/2019,10/15/2019,10/17/2019,11/25/2019,11/27/2019,12/17/2019,12/19/2019
EDF1005,0,1/1/2019,1/1/2019,1,12/9/2019,12/11/2019,9/23/2019,9/25/2019,10/15/2019,10/17/2019,11/25/2019,11/27/2019,12/17/2019,12/19/2019
EDF2085,1,10/14/2019,10/16/2019,1,12/9/2019,12/11/2019,9/23/2019,9/25/2019,10/15/2019,10/17/2019,11/25/2019,11/27/2019,12/17/2019,12/19/2019
EEC2520,0,1/1/2019,1/1/2019,1,12/17/2019,12/19/2019,9/23/2019,9/25/2019,10/15/2019,10/17/2019,11/25/2019,11/27/2019,12/17/2019,12/19/2019
EME2040,0,1/1/2019,1/1/2019,1,12/9/2019,12/11/2019,9/23/2019,9/25/2019,10/15/2019,10/17/2019,11/25/2019,11/27/2019,12/17/2019,12/19/2019
ENC0015,0,1/1/2019,1/1/2019,1,10/15/2019,10/17/2019,9/23/2019,9/25/2019,10/15/2019,10/17/2019,11/25/2019,11/27/2019,12/17/2019,12/19/2019
ENC0025,0,1/1/2019,1/1/2019,1,10/15/2019,10/17/2019,9/23/2019,9/25/2019,10/15/2019,10/17/2019,11/25/2019,11/27/2019,12/17/2019,12/19/2019
ENC1101,1,10/23/2019,10/25/2019,0,1/1/2019,1/1/2019,9/23/2019,9/25/2019,10/15/2019,10/17/2019,11/25/2019,11/27/2019,12/17/2019,12/19/2019
ENC1102,0,1/1/2019,1/1/2019,1,12/13/2019,12/17/2019,9/23/2019,9/25/2019,10/15/2019,10/17/2019,11/25/2019,11/27/2019,12/17/2019,12/19/2019
ENC2300,1,10/23/2019,10/25/2019,0,1/1/2019,1/1/2019,9/23/2019,9/25/2019,10/15/2019,10/17/2019,11/25/2019,11/27/2019,12/17/2019,12/19/2019
ENT2502,0,1/1/2019,1/1/2019,1,12/11/2019,12/13/2019,9/23/2019,9/25/2019,10/15/2019,10/17/2019,11/25/2019,11/27/2019,12/17/2019,12/19/2019
ESC1000,1,10/14/2019,10/16/2019,1,12/9/2019,12/11/2019,9/23/2019,9/25/2019,10/15/2019,10/17/2019,11/25/2019,11/27/2019,12/17/2019,12/19/2019
FIN2000,1,10/21/2019,10/23/2019,1,12/13/2019,12/17/2019,9/23/2019,9/25/2019,10/15/2019,10/17/2019,11/25/2019,11/27/2019,12/17/2019,12/19/2019
FIN2010,0,1/1/2019,1/1/2019,1,12/9/2019,12/11/2019,9/23/2019,9/25/2019,10/15/2019,10/17/2019,11/25/2019,11/27/2019,12/17/2019,12/19/2019
FIN2100,1,10/21/2019,10/23/2019,1,12/13/2019,12/17/2019,9/23/2019,9/25/2019,10/15/2019,10/17/2019,11/25/2019,11/27/2019,12/17/2019,12/19/2019
FIN3400,0,1/1/2019,1/1/2019,1,10/15/2019,10/17/2019,9/23/2019,9/25/2019,10/15/2019,10/17/2019,11/25/2019,11/27/2019,12/17/2019,12/19/2019
FIN3403,1,10/16/2019,10/18/2019,1,12/11/2019,12/13/2019,9/23/2019,9/25/2019,10/15/2019,10/17/2019,11/25/2019,11/27/2019,12/17/2019,12/19/2019
FOT2826,1,10/21/2019,10/23/2019,0,1/1/2019,1/1/2019,9/23/2019,9/25/2019,10/15/2019,10/17/2019,11/25/2019,11/27/2019,12/17/2019,12/19/2019
EVR1001,0,1/1/2019,1/1/2019,1,12/17/2019,12/19/2019,9/23/2019,9/25/2019,10/15/2019,10/17/2019,11/25/2019,11/27/2019,12/17/2019,12/19/2019
GEB1011,1,10/14/2019,10/16/2019,0,1/1/2019,1/1/2019,9/23/2019,9/25/2019,10/15/2019,10/17/2019,11/25/2019,11/27/2019,12/17/2019,12/19/2019
GEB2112,1,10/14/2019,10/16/2019,0,1/1/2019,1/1/2019,9/23/2019,9/25/2019,10/15/2019,10/17/2019,11/25/2019,11/27/2019,12/17/2019,12/19/2019
GEB2350,0,1/1/2019,1/1/2019,1,12/9/2019,12/11/2019,9/23/2019,9/25/2019,10/15/2019,10/17/2019,11/25/2019,11/27/2019,12/17/2019,12/19/2019
GEB3358,1,10/14/2019,10/16/2019,0,1/1/2019,1/1/2019,9/23/2019,9/25/2019,10/15/2019,10/17/2019,11/25/2019,11/27/2019,12/17/2019,12/19/2019
GEB4363,1,9/23/2019,9/25/2019,0,1/1/2019,1/1/2019,9/23/2019,9/25/2019,10/15/2019,10/17/2019,11/25/2019,11/27/2019,12/17/2019,12/19/2019
HFT1000,1,10/16/2019,10/18/2019,1,12/11/2019,12/13/2019,9/23/2019,9/25/2019,10/15/2019,10/17/2019,11/25/2019,11/27/2019,12/17/2019,12/19/2019
HFT1210,1,10/16/2019,10/18/2019,1,12/11/2019,12/13/2019,9/23/2019,9/25/2019,10/15/2019,10/17/2019,11/25/2019,11/27/2019,12/17/2019,12/19/2019
HFT2500,1,10/16/2019,10/18/2019,0,1/1/2019,1/1/2019,9/23/2019,9/25/2019,10/15/2019,10/17/2019,11/25/2019,11/27/2019,12/17/2019,12/19/2019
HFT2800,0,1/1/2019,1/1/2019,1,12/11/2019,12/13/2019,9/23/2019,9/25/2019,10/15/2019,10/17/2019,11/25/2019,11/27/2019,12/17/2019,12/19/2019
HIM0434,0,1/1/2019,1/1/2019,1,12/9/2019,12/11/2019,9/23/2019,9/25/2019,10/15/2019,10/17/2019,11/25/2019,11/27/2019,12/17/2019,12/19/2019
HIM0450,0,1/1/2019,1/1/2019,1,12/9/2019,12/11/2019,9/23/2019,9/25/2019,10/15/2019,10/17/2019,11/25/2019,11/27/2019,12/17/2019,12/19/2019
HIM1000,0,1/1/2019,1/1/2019,1,12/9/2019,12/11/2019,9/23/2019,9/25/2019,10/15/2019,10/17/2019,11/25/2019,11/27/2019,12/17/2019,12/19/2019
HIM1300,1,10/16/2019,10/18/2019,0,1/1/2019,1/1/2019,9/23/2019,9/25/2019,10/15/2019,10/17/2019,11/25/2019,11/27/2019,12/17/2019,12/19/2019
HIM2214C,0,1/1/2019,1/1/2019,1,12/11/2019,12/13/2019,9/23/2019,9/25/2019,10/15/2019,10/17/2019,11/25/2019,11/27/2019,12/17/2019,12/19/2019
HIM2433,0,1/1/2019,1/1/2019,1,12/13/2019,12/17/2019,9/23/2019,9/25/2019,10/15/2019,10/17/2019,11/25/2019,11/27/2019,12/17/2019,12/19/2019
HIM2472,1,10/16/2019,10/18/2019,1,12/9/2019,12/11/2019,9/23/2019,9/25/2019,10/15/2019,10/17/2019,11/25/2019,11/27/2019,12/17/2019,12/19/2019
HLP1081,0,1/1/2019,1/1/2019,1,12/17/2019,12/19/2019,9/23/2019,9/25/2019,10/15/2019,10/17/2019,11/25/2019,11/27/2019,12/17/2019,12/19/2019
HSC0003,1,10/16/2019,10/18/2019,1,12/13/2019,12/17/2019,9/23/2019,9/25/2019,10/15/2019,10/17/2019,11/25/2019,11/27/2019,12/17/2019,12/19/2019
HSC2400,0,1/1/2019,1/1/2019,1,12/9/2019,12/11/2019,9/23/2019,9/25/2019,10/15/2019,10/17/2019,11/25/2019,11/27/2019,12/17/2019,12/19/2019
HUM1020,1,10/21/2019,10/23/2019,0,1/1/2019,1/1/2019,9/23/2019,9/25/2019,10/15/2019,10/17/2019,11/25/2019,11/27/2019,12/17/2019,12/19/2019
HUN1201,1,10/16/2019,10/18/2019,0,1/1/2019,1/1/2019,9/23/2019,9/25/2019,10/15/2019,10/17/2019,11/25/2019,11/27/2019,12/17/2019,12/19/2019
IND1100,0,1/1/2019,1/1/2019,1,12/9/2019,12/11/2019,9/23/2019,9/25/2019,10/15/2019,10/17/2019,11/25/2019,11/27/2019,12/17/2019,12/19/2019
INR2002,0,1/1/2019,1/1/2019,1,12/11/2019,12/13/2019,9/23/2019,9/25/2019,10/15/2019,10/17/2019,11/25/2019,11/27/2019,12/17/2019,12/19/2019
ISM4011,1,11/25/2019,11/27/2019,0,1/1/2019,1/1/2019,9/23/2019,9/25/2019,10/15/2019,10/17/2019,11/25/2019,11/27/2019,12/17/2019,12/19/2019
ISS1120,0,1/1/2019,1/1/2019,1,12/11/2019,12/13/2019,9/23/2019,9/25/2019,10/15/2019,10/17/2019,11/25/2019,11/27/2019,12/17/2019,12/19/2019
ISS1161,1,10/16/2019,10/18/2019,0,1/1/2019,1/1/2019,9/23/2019,9/25/2019,10/15/2019,10/17/2019,11/25/2019,11/27/2019,12/17/2019,12/19/2019
LIS2004,0,1/1/2019,1/1/2019,1,12/11/2019,12/13/2019,9/23/2019,9/25/2019,10/15/2019,10/17/2019,11/25/2019,11/27/2019,12/17/2019,12/19/2019
LIT2120,1,10/23/2019,10/25/2019,0,1/1/2019,1/1/2019,9/23/2019,9/25/2019,10/15/2019,10/17/2019,11/25/2019,11/27/2019,12/17/2019,12/19/2019
LIT2480,1,10/23/2019,10/25/2019,0,1/1/2019,1/1/2019,9/23/2019,9/25/2019,10/15/2019,10/17/2019,11/25/2019,11/27/2019,12/17/2019,12/19/2019
MAC1105,1,10/21/2019,10/23/2019,1,12/13/2019,12/17/2019,9/23/2019,9/25/2019,10/15/2019,10/17/2019,11/25/2019,11/27/2019,12/17/2019,12/19/2019
MAC1114,1,10/21/2019,10/23/2019,1,12/13/2019,12/17/2019,9/23/2019,9/25/2019,10/15/2019,10/17/2019,11/25/2019,11/27/2019,12/17/2019,12/19/2019
MAC1140,1,10/21/2019,10/23/2019,1,12/13/2019,12/17/2019,9/23/2019,9/25/2019,10/15/2019,10/17/2019,11/25/2019,11/27/2019,12/17/2019,12/19/2019
MAC1147,1,10/21/2019,10/23/2019,1,12/13/2019,12/17/2019,9/23/2019,9/25/2019,10/15/2019,10/17/2019,11/25/2019,11/27/2019,12/17/2019,12/19/2019
MAC2233,1,10/21/2019,10/23/2019,1,12/13/2019,12/17/2019,9/23/2019,9/25/2019,10/15/2019,10/17/2019,11/25/2019,11/27/2019,12/17/2019,12/19/2019
MAN2021,1,10/14/2019,10/16/2019,0,1/1/2019,1/1/2019,9/23/2019,9/25/2019,10/15/2019,10/17/2019,11/25/2019,11/27/2019,12/17/2019,12/19/2019
MAN2604,1,10/21/2019,10/23/2019,0,1/1/2019,1/1/2019,9/23/2019,9/25/2019,10/15/2019,10/17/2019,11/25/2019,11/27/2019,12/17/2019,12/19/2019
MAN3025,1,9/23/2019,9/25/2019,1,10/15/2019,10/17/2019,9/23/2019,9/25/2019,10/15/2019,10/17/2019,11/25/2019,11/27/2019,12/17/2019,12/19/2019
MAN3065,1,9/23/2019,9/25/2019,1,10/15/2019,10/17/2019,9/23/2019,9/25/2019,10/15/2019,10/17/2019,11/25/2019,11/27/2019,12/17/2019,12/19/2019
MAN3240,1,11/25/2019,11/27/2019,0,1/1/2019,1/1/2019,9/23/2019,9/25/2019,10/15/2019,10/17/2019,11/25/2019,11/27/2019,12/17/2019,12/19/2019
MAN3301,1,9/23/2019,9/25/2019,0,1/1/2019,1/1/2019,9/23/2019,9/25/2019,10/15/2019,10/17/2019,11/25/2019,11/27/2019,12/17/2019,12/19/2019
MAN3504,0,1/1/2019,1/1/2019,1,10/15/2019,10/17/2019,9/23/2019,9/25/2019,10/15/2019,10/17/2019,11/25/2019,11/27/2019,12/17/2019,12/19/2019
MAN3506,0,1/1/2019,1/1/2019,1,10/15/2019,10/17/2019,9/23/2019,9/25/2019,10/15/2019,10/17/2019,11/25/2019,11/27/2019,12/17/2019,12/19/2019
MAN3554,0,1/1/2019,1/1/2019,1,10/15/2019,10/17/2019,9/23/2019,9/25/2019,10/15/2019,10/17/2019,11/25/2019,11/27/2019,12/17/2019,12/19/2019
MAN3583,1,10/14/2019,10/16/2019,0,1/1/2019,1/1/2019,9/23/2019,9/25/2019,10/15/2019,10/17/2019,11/25/2019,11/27/2019,12/17/2019,12/19/2019
MAN3786,0,1/1/2019,1/1/2019,1,12/17/2019,12/19/2019,9/23/2019,9/25/2019,10/15/2019,10/17/2019,11/25/2019,11/27/2019,12/17/2019,12/19/2019
MAN4120,1,11/25/2019,11/27/2019,0,1/1/2019,1/1/2019,9/23/2019,9/25/2019,10/15/2019,10/17/2019,11/25/2019,11/27/2019,12/17/2019,12/19/2019
MAN4162,1,9/23/2019,9/25/2019,0,1/1/2019,1/1/2019,9/23/2019,9/25/2019,10/15/2019,10/17/2019,11/25/2019,11/27/2019,12/17/2019,12/19/2019
MAN4520,1,9/23/2019,9/25/2019,1,10/15/2019,10/17/2019,9/23/2019,9/25/2019,10/15/2019,10/17/2019,11/25/2019,11/27/2019,12/17/2019,12/19/2019
MAN4597,0,1/1/2019,1/1/2019,1,12/17/2019,12/19/2019,9/23/2019,9/25/2019,10/15/2019,10/17/2019,11/25/2019,11/27/2019,12/17/2019,12/19/2019
MAN4720,0,1/1/2019,1/1/2019,1,10/15/2019,10/17/2019,9/23/2019,9/25/2019,10/15/2019,10/17/2019,11/25/2019,11/27/2019,12/17/2019,12/19/2019
MAN4894,1,11/25/2019,11/27/2019,0,1/1/2019,1/1/2019,9/23/2019,9/25/2019,10/15/2019,10/17/2019,11/25/2019,11/27/2019,12/17/2019,12/19/2019
MAN4900,0,1/1/2019,1/1/2019,0,1/1/2019,1/1/2019,9/23/2019,9/25/2019,10/15/2019,10/17/2019,11/25/2019,11/27/2019,12/17/2019,12/19/2019
MAN4940,0,1/1/2019,1/1/2019,1,12/17/2019,12/19/2019,9/23/2019,9/25/2019,10/15/2019,10/17/2019,11/25/2019,11/27/2019,12/17/2019,12/19/2019
MAN4941,0,1/1/2019,1/1/2019,0,1/1/2019,1/1/2019,9/23/2019,9/25/2019,10/15/2019,10/17/2019,11/25/2019,11/27/2019,12/17/2019,12/19/2019
MAR1011,1,10/23/2019,10/25/2019,0,1/1/2019,1/1/2019,9/23/2019,9/25/2019,10/15/2019,10/17/2019,11/25/2019,11/27/2019,12/17/2019,12/19/2019
MAR2101,1,10/23/2019,10/25/2019,1,12/17/2019,12/19/2019,9/23/2019,9/25/2019,10/15/2019,10/17/2019,11/25/2019,11/27/2019,12/17/2019,12/19/2019
MAR2150,1,10/21/2019,10/23/2019,0,1/1/2019,1/1/2019,9/23/2019,9/25/2019,10/15/2019,10/17/2019,11/25/2019,11/27/2019,12/17/2019,12/19/2019
MAR2952,1,10/21/2019,10/23/2019,0,1/1/2019,1/1/2019,9/23/2019,9/25/2019,10/15/2019,10/17/2019,11/25/2019,11/27/2019,12/17/2019,12/19/2019
MAR4203,1,11/25/2019,11/27/2019,0,1/1/2019,1/1/2019,9/23/2019,9/25/2019,10/15/2019,10/17/2019,11/25/2019,11/27/2019,12/17/2019,12/19/2019
MAT0028,0,1/1/2019,1/1/2019,1,10/15/2019,10/17/2019,9/23/2019,9/25/2019,10/15/2019,10/17/2019,11/25/2019,11/27/2019,12/17/2019,12/19/2019
MAT1033,1,10/21/2019,10/23/2019,1,12/17/2019,12/19/2019,9/23/2019,9/25/2019,10/15/2019,10/17/2019,11/25/2019,11/27/2019,12/17/2019,12/19/2019
MCB2010,1,10/21/2019,10/23/2019,1,12/17/2019,12/19/2019,9/23/2019,9/25/2019,10/15/2019,10/17/2019,11/25/2019,11/27/2019,12/17/2019,12/19/2019
MGF1106,1,10/21/2019,10/23/2019,1,12/13/2019,12/17/2019,9/23/2019,9/25/2019,10/15/2019,10/17/2019,11/25/2019,11/27/2019,12/17/2019,12/19/2019
MGF1107,1,10/21/2019,10/23/2019,1,12/13/2019,12/17/2019,9/23/2019,9/25/2019,10/15/2019,10/17/2019,11/25/2019,11/27/2019,12/17/2019,12/19/2019
MKA1021,0,1/1/2019,1/1/2019,1,12/17/2019,12/19/2019,9/23/2019,9/25/2019,10/15/2019,10/17/2019,11/25/2019,11/27/2019,12/17/2019,12/19/2019
MKA1041,0,1/1/2019,1/1/2019,1,12/17/2019,12/19/2019,9/23/2019,9/25/2019,10/15/2019,10/17/2019,11/25/2019,11/27/2019,12/17/2019,12/19/2019
MKA1161,1,10/21/2019,10/23/2019,0,1/1/2019,1/1/2019,9/23/2019,9/25/2019,10/15/2019,10/17/2019,11/25/2019,11/27/2019,12/17/2019,12/19/2019
MNA1345,1,10/21/2019,10/23/2019,0,1/1/2019,1/1/2019,9/23/2019,9/25/2019,10/15/2019,10/17/2019,11/25/2019,11/27/2019,12/17/2019,12/19/2019
MTB1103,0,1/1/2019,1/1/2019,1,12/9/2019,12/11/2019,9/23/2019,9/25/2019,10/15/2019,10/17/2019,11/25/2019,11/27/2019,12/17/2019,12/19/2019
MUL1010,1,10/21/2019,10/23/2019,1,12/13/2019,12/17/2019,9/23/2019,9/25/2019,10/15/2019,10/17/2019,11/25/2019,11/27/2019,12/17/2019,12/19/2019
MUL2380,0,1/1/2019,1/1/2019,1,12/13/2019,12/17/2019,9/23/2019,9/25/2019,10/15/2019,10/17/2019,11/25/2019,11/27/2019,12/17/2019,12/19/2019
MUM2700,1,10/21/2019,10/23/2019,1,12/9/2019,12/11/2019,9/23/2019,9/25/2019,10/15/2019,10/17/2019,11/25/2019,11/27/2019,12/17/2019,12/19/2019
MUM2702,1,10/23/2019,10/25/2019,1,12/9/2019,12/11/2019,9/23/2019,9/25/2019,10/15/2019,10/17/2019,11/25/2019,11/27/2019,12/17/2019,12/19/2019
MUM2704,0,1/1/2019,1/1/2019,1,12/9/2019,12/11/2019,9/23/2019,9/25/2019,10/15/2019,10/17/2019,11/25/2019,11/27/2019,12/17/2019,12/19/2019
NUR3045,1,10/21/2019,10/23/2019,0,1/1/2019,1/1/2019,9/23/2019,9/25/2019,10/15/2019,10/17/2019,11/25/2019,11/27/2019,12/17/2019,12/19/2019
NUR3069,1,10/23/2019,10/25/2019,1,12/17/2019,12/19/2019,9/23/2019,9/25/2019,10/15/2019,10/17/2019,11/25/2019,11/27/2019,12/17/2019,12/19/2019
NUR3165,0,1/1/2019,1/1/2019,1,12/17/2019,12/19/2019,9/23/2019,9/25/2019,10/15/2019,10/17/2019,11/25/2019,11/27/2019,12/17/2019,12/19/2019
NUR3178,0,1/1/2019,1/1/2019,1,12/13/2019,12/17/2019,9/23/2019,9/25/2019,10/15/2019,10/17/2019,11/25/2019,11/27/2019,12/17/2019,12/19/2019
NUR3289,0,1/1/2019,1/1/2019,1,12/17/2019,12/19/2019,9/23/2019,9/25/2019,10/15/2019,10/17/2019,11/25/2019,11/27/2019,12/17/2019,12/19/2019
NUR3674,0,1/1/2019,1/1/2019,1,12/13/2019,12/17/2019,9/23/2019,9/25/2019,10/15/2019,10/17/2019,11/25/2019,11/27/2019,12/17/2019,12/19/2019
NUR3805,0,1/1/2019,1/1/2019,1,12/17/2019,12/19/2019,9/23/2019,9/25/2019,10/15/2019,10/17/2019,11/25/2019,11/27/2019,12/17/2019,12/19/2019
NUR3846,0,1/1/2019,1/1/2019,1,12/17/2019,12/19/2019,9/23/2019,9/25/2019,10/15/2019,10/17/2019,11/25/2019,11/27/2019,12/17/2019,12/19/2019
NUR4636,1,10/21/2019,10/23/2019,0,1/1/2019,1/1/2019,9/23/2019,9/25/2019,10/15/2019,10/17/2019,11/25/2019,11/27/2019,12/17/2019,12/19/2019
NUR4667,1,10/21/2019,10/23/2019,0,1/1/2019,1/1/2019,9/23/2019,9/25/2019,10/15/2019,10/17/2019,11/25/2019,11/27/2019,12/17/2019,12/19/2019
NUR4827,0,1/1/2019,1/1/2019,1,12/13/2019,12/17/2019,9/23/2019,9/25/2019,10/15/2019,10/17/2019,11/25/2019,11/27/2019,12/17/2019,12/19/2019
OCE1001,1,10/23/2019,10/25/2019,1,12/17/2019,12/19/2019,9/23/2019,9/25/2019,10/15/2019,10/17/2019,11/25/2019,11/27/2019,12/17/2019,12/19/2019
OST2335,1,10/14/2019,10/16/2019,0,1/1/2019,1/1/2019,9/23/2019,9/25/2019,10/15/2019,10/17/2019,11/25/2019,11/27/2019,12/17/2019,12/19/2019
PHI2010,0,1/1/2019,1/1/2019,1,12/9/2019,12/11/2019,9/23/2019,9/25/2019,10/15/2019,10/17/2019,11/25/2019,11/27/2019,12/17/2019,12/19/2019
PHI2604,0,1/1/2019,1/1/2019,1,12/11/2019,12/13/2019,9/23/2019,9/25/2019,10/15/2019,10/17/2019,11/25/2019,11/27/2019,12/17/2019,12/19/2019
PHY1025,1,10/14/2019,10/16/2019,1,12/17/2019,12/19/2019,9/23/2019,9/25/2019,10/15/2019,10/17/2019,11/25/2019,11/27/2019,12/17/2019,12/19/2019
PLA2003,1,10/14/2019,10/16/2019,0,1/1/2019,1/1/2019,9/23/2019,9/25/2019,10/15/2019,10/17/2019,11/25/2019,11/27/2019,12/17/2019,12/19/2019
POS2041,1,10/16/2019,10/18/2019,0,1/1/2019,1/1/2019,9/23/2019,9/25/2019,10/15/2019,10/17/2019,11/25/2019,11/27/2019,12/17/2019,12/19/2019
POS2112,0,1/1/2019,1/1/2019,1,12/17/2019,12/19/2019,9/23/2019,9/25/2019,10/15/2019,10/17/2019,11/25/2019,11/27/2019,12/17/2019,12/19/2019
PSC1121,1,10/14/2019,10/16/2019,1,12/11/2019,12/13/2019,9/23/2019,9/25/2019,10/15/2019,10/17/2019,11/25/2019,11/27/2019,12/17/2019,12/19/2019
PSC1515,1,10/14/2019,10/16/2019,1,12/11/2019,12/13/2019,9/23/2019,9/25/2019,10/15/2019,10/17/2019,11/25/2019,11/27/2019,12/17/2019,12/19/2019
PSY2012,0,1/1/2019,1/1/2019,1,12/11/2019,12/13/2019,9/23/2019,9/25/2019,10/15/2019,10/17/2019,11/25/2019,11/27/2019,12/17/2019,12/19/2019
PUR2003,1,10/21/2019,10/23/2019,0,1/1/2019,1/1/2019,9/23/2019,9/25/2019,10/15/2019,10/17/2019,11/25/2019,11/27/2019,12/17/2019,12/19/2019
QMB2100,1,10/21/2019,10/23/2019,1,12/13/2019,12/17/2019,9/23/2019,9/25/2019,10/15/2019,10/17/2019,11/25/2019,11/27/2019,12/17/2019,12/19/2019
QMB2100L,0,1/1/2019,1/1/2019,0,1/1/2019,1/1/2019,9/23/2019,9/25/2019,10/15/2019,10/17/2019,11/25/2019,11/27/2019,12/17/2019,12/19/2019
REA0007,0,1/1/2019,1/1/2019,1,10/15/2019,10/17/2019,9/23/2019,9/25/2019,10/15/2019,10/17/2019,11/25/2019,11/27/2019,12/17/2019,12/19/2019
REA0017,0,1/1/2019,1/1/2019,1,12/17/2019,12/19/2019,9/23/2019,9/25/2019,10/15/2019,10/17/2019,11/25/2019,11/27/2019,12/17/2019,12/19/2019
REL1210,1,10/16/2019,10/18/2019,0,1/1/2019,1/1/2019,9/23/2019,9/25/2019,10/15/2019,10/17/2019,11/25/2019,11/27/2019,12/17/2019,12/19/2019
REL1240,1,10/16/2019,10/18/2019,0,1/1/2019,1/1/2019,9/23/2019,9/25/2019,10/15/2019,10/17/2019,11/25/2019,11/27/2019,12/17/2019,12/19/2019
REL2300,1,10/16/2019,10/18/2019,0,1/1/2019,1/1/2019,9/23/2019,9/25/2019,10/15/2019,10/17/2019,11/25/2019,11/27/2019,12/17/2019,12/19/2019
SBM1000,1,10/23/2019,10/25/2019,0,1/1/2019,1/1/2019,9/23/2019,9/25/2019,10/15/2019,10/17/2019,11/25/2019,11/27/2019,12/17/2019,12/19/2019
SCC1000,1,10/14/2019,10/16/2019,0,1/1/2019,1/1/2019,9/23/2019,9/25/2019,10/15/2019,10/17/2019,11/25/2019,11/27/2019,12/17/2019,12/19/2019
SCC2020,1,11/25/2019,11/27/2019,0,1/1/2019,1/1/2019,9/23/2019,9/25/2019,10/15/2019,10/17/2019,11/25/2019,11/27/2019,12/17/2019,12/19/2019
SLS1106,0,1/1/2019,1/1/2019,1,10/15/2019,10/17/2019,9/23/2019,9/25/2019,10/15/2019,10/17/2019,11/25/2019,11/27/2019,12/17/2019,12/19/2019
SLS1505,0,1/1/2019,1/1/2019,1,12/9/2019,12/11/2019,9/23/2019,9/25/2019,10/15/2019,10/17/2019,11/25/2019,11/27/2019,12/17/2019,12/19/2019
SLS1510,0,1/1/2019,1/1/2019,1,12/9/2019,12/11/2019,9/23/2019,9/25/2019,10/15/2019,10/17/2019,11/25/2019,11/27/2019,12/17/2019,12/19/2019
SPC1017,1,10/23/2019,10/25/2019,0,1/1/2019,1/1/2019,9/23/2019,9/25/2019,10/15/2019,10/17/2019,11/25/2019,11/27/2019,12/17/2019,12/19/2019
SPC2608,1,10/23/2019,10/25/2019,0,1/1/2019,1/1/2019,9/23/2019,9/25/2019,10/15/2019,10/17/2019,11/25/2019,11/27/2019,12/17/2019,12/19/2019
SPN1120,1,10/14/2019,10/16/2019,1,12/11/2019,12/13/2019,9/23/2019,9/25/2019,10/15/2019,10/17/2019,11/25/2019,11/27/2019,12/17/2019,12/19/2019
SPN1121,1,10/14/2019,10/16/2019,1,12/9/2019,12/11/2019,9/23/2019,9/25/2019,10/15/2019,10/17/2019,11/25/2019,11/27/2019,12/17/2019,12/19/2019
SPN2220,1,10/23/2019,10/25/2019,1,12/9/2019,12/11/2019,9/23/2019,9/25/2019,10/15/2019,10/17/2019,11/25/2019,11/27/2019,12/17/2019,12/19/2019
STA2023,1,10/21/2019,10/23/2019,1,12/13/2019,12/17/2019,9/23/2019,9/25/2019,10/15/2019,10/17/2019,11/25/2019,11/27/2019,12/17/2019,12/19/2019
SYG2000,1,10/16/2019,10/18/2019,0,1/1/2019,1/1/2019,9/23/2019,9/25/2019,10/15/2019,10/17/2019,11/25/2019,11/27/2019,12/17/2019,12/19/2019
SYG2230,1,10/16/2019,10/18/2019,1,12/17/2019,12/19/2019,9/23/2019,9/25/2019,10/15/2019,10/17/2019,11/25/2019,11/27/2019,12/17/2019,12/19/2019
TAX2000,1,10/14/2019,10/16/2019,0,1/1/2019,1/1/2019,9/23/2019,9/25/2019,10/15/2019,10/17/2019,11/25/2019,11/27/2019,12/17/2019,12/19/2019
TAX2010,1,10/23/2019,10/25/2019,0,1/1/2019,1/1/2019,9/23/2019,9/25/2019,10/15/2019,10/17/2019,11/25/2019,11/27/2019,12/17/2019,12/19/2019
TRA1154,0,1/1/2019,1/1/2019,1,12/13/2019,12/17/2019,9/23/2019,9/25/2019,10/15/2019,10/17/2019,11/25/2019,11/27/2019,12/17/2019,12/19/2019
TRA2010,1,10/21/2019,10/23/2019,1,12/13/2019,12/17/2019,9/23/2019,9/25/2019,10/15/2019,10/17/2019,11/25/2019,11/27/2019,12/17/2019,12/19/2019
TRA3132,0,1/1/2019,1/1/2019,1,10/15/2019,10/17/2019,9/23/2019,9/25/2019,10/15/2019,10/17/2019,11/25/2019,11/27/2019,12/17/2019,12/19/2019
TRA4234,0,1/1/2019,1/1/2019,1,10/15/2019,10/17/2019,9/23/2019,9/25/2019,10/15/2019,10/17/2019,11/25/2019,11/27/2019,12/17/2019,12/19/2019
WOH2012,1,10/23/2019,10/25/2019,1,12/17/2019,12/19/2019,9/23/2019,9/25/2019,10/15/2019,10/17/2019,11/25/2019,11/27/2019,12/17/2019,12/19/2019
ANT2000,0,1/1/2019,1/1/2019,1,12/9/2019,12/11/2019,9/23/2019,9/25/2019,10/15/2019,10/17/2019,11/25/2019,11/27/2019,12/17/2019,12/19/2019
CCJ4641,1,11/25/2019,11/27/2019,0,1/1/2019,1/1/2019,9/23/2019,9/25/2019,10/15/2019,10/17/2019,11/25/2019,11/27/2019,12/17/2019,12/19/2019
CGS1005C,1,10/21/2019,10/23/2019,0,1/1/2019,1/1/2019,9/23/2019,9/25/2019,10/15/2019,10/17/2019,11/25/2019,11/27/2019,12/17/2019,12/19/2019
CJC4163,1,11/25/2019,11/27/2019,0,1/1/2019,1/1/2019,9/23/2019,9/25/2019,10/15/2019,10/17/2019,11/25/2019,11/27/2019,12/17/2019,12/19/2019
DSC4012,1,9/23/2019,9/25/2019,0,1/1/2019,1/1/2019,9/23/2019,9/25/2019,10/15/2019,10/17/2019,11/25/2019,11/27/2019,12/17/2019,12/19/2019
EGI4050,0,1/1/2019,1/1/2019,1,10/15/2019,10/17/2019,9/23/2019,9/25/2019,10/15/2019,10/17/2019,11/25/2019,11/27/2019,12/17/2019,12/19/2019
EGI4230,0,1/1/2019,1/1/2019,1,10/15/2019,10/17/2019,9/23/2019,9/25/2019,10/15/2019,10/17/2019,11/25/2019,11/27/2019,12/17/2019,12/19/2019
EGI4244,0,1/1/2019,1/1/2019,1,12/17/2019,12/19/2019,9/23/2019,9/25/2019,10/15/2019,10/17/2019,11/25/2019,11/27/2019,12/17/2019,12/19/2019
EGI4301,0,1/1/2019,1/1/2019,1,10/15/2019,10/17/2019,9/23/2019,9/25/2019,10/15/2019,10/17/2019,11/25/2019,11/27/2019,12/17/2019,12/19/2019
EGI4410,0,1/1/2019,1/1/2019,1,12/17/2019,12/19/2019,9/23/2019,9/25/2019,10/15/2019,10/17/2019,11/25/2019,11/27/2019,12/17/2019,12/19/2019
ENT2201,1,11/25/2019,11/27/2019,0,1/1/2019,1/1/2019,9/23/2019,9/25/2019,10/15/2019,10/17/2019,11/25/2019,11/27/2019,12/17/2019,12/19/2019
ENT2212,1,9/23/2019,9/25/2019,0,1/1/2019,1/1/2019,9/23/2019,9/25/2019,10/15/2019,10/17/2019,11/25/2019,11/27/2019,12/17/2019,12/19/2019
ENT2612,1,11/25/2019,11/27/2019,0,1/1/2019,1/1/2019,9/23/2019,9/25/2019,10/15/2019,10/17/2019,11/25/2019,11/27/2019,12/17/2019,12/19/2019
GRA1111C,1,10/14/2019,10/16/2019,0,1/1/2019,1/1/2019,9/23/2019,9/25/2019,10/15/2019,10/17/2019,11/25/2019,11/27/2019,12/17/2019,12/19/2019
GRA1750,1,11/25/2019,11/27/2019,0,1/1/2019,1/1/2019,9/23/2019,9/25/2019,10/15/2019,10/17/2019,11/25/2019,11/27/2019,12/17/2019,12/19/2019
GRA2117C,1,10/14/2019,10/16/2019,0,1/1/2019,1/1/2019,9/23/2019,9/25/2019,10/15/2019,10/17/2019,11/25/2019,11/27/2019,12/17/2019,12/19/2019
GRA2156C,1,11/25/2019,11/27/2019,0,1/1/2019,1/1/2019,9/23/2019,9/25/2019,10/15/2019,10/17/2019,11/25/2019,11/27/2019,12/17/2019,12/19/2019
LIT2000,1,10/23/2019,10/25/2019,0,1/1/2019,1/1/2019,9/23/2019,9/25/2019,10/15/2019,10/17/2019,11/25/2019,11/27/2019,12/17/2019,12/19/2019
MAN2300,0,1/1/2019,1/1/2019,1,10/15/2019,10/17/2019,9/23/2019,9/25/2019,10/15/2019,10/17/2019,11/25/2019,11/27/2019,12/17/2019,12/19/2019
MAR1720,0,1/1/2019,1/1/2019,1,12/17/2019,12/19/2019,9/23/2019,9/25/2019,10/15/2019,10/17/2019,11/25/2019,11/27/2019,12/17/2019,12/19/2019
MNA2120,0,1/1/2019,1/1/2019,1,12/17/2019,12/19/2019,9/23/2019,9/25/2019,10/15/2019,10/17/2019,11/25/2019,11/27/2019,12/17/2019,12/19/2019
FSE1000,1,10/16/2019,10/18/2019,1,12/9/2019,12/11/2019,9/23/2019,9/25/2019,10/15/2019,10/17/2019,11/25/2019,11/27/2019,12/17/2019,12/19/2019
MAN4523,0,1/1/2019,1/1/2019,0,1/1/2019,1/1/2019,9/23/2019,9/25/2019,10/15/2019,10/17/2019,11/25/2019,11/27/2019,12/17/2019,12/19/2019
