Inload ,6487,1000064705,16,0,0,0
Inload ,3621,1000022417,12,0,0,0
Overload 1 ,3626,1000022417,12,12,0,1
Overload 2 ,3633,1000022417,12,12,0,1
Overload 3 ,8577,1000022417,12,12,0,1
Overload 1 ,5669,1000053635,12,12,0,1
Overload 2 ,5670,1000053635,12,12,0,1
Overload 3 ,5672,1000053635,12,12,0,1
Overload 1 ,6419,1000073281,16,16,0,1
Overload 1 ,4905,1000020476,12,12,0,1
Overload 1 ,3382,1000030753,12,12,0,1
Overload 2 ,3392,1000030753,12,12,0,1
Overload 3 ,10610,1000030753,12,12,0,1
Overload 1 ,3627,1000057864,12,12,0,1
Overload 1 ,7113,1000000956,12,12,0,1
Overload 2 ,7114,1000000956,12,12,0,1
Overload 1 ,4591,1000033233,12,12,0,1
Overload 2 ,4592,1000033233,12,12,0,1
Overload 1 ,6063,1000004946,12,12,0,1
Overload 2 ,6064,1000004946,12,12,0,1
Overload 1 ,8815,1000071878,12,12,0,1
Overload 3 ,10601,1000031739,12,12,0,1
Overload 2 ,8792,1000031739,12,12,0,1
Overload 1 ,8788,1000031739,12,12,0,1
Overload 1 ,7119,1000073000,12,12,0,1
Overload 2 ,7126,1000073000,12,12,0,1
Overload 3 ,7134,1000073000,12,12,0,1
Overload 1 ,6702,1000071029,12,12,0,1
Overload 3 ,6862,1000071029,12,12,0,1
Overload 1 ,4823,1000005814,12,12,0,1
Overload 2 ,4824,1000005814,12,12,0,1
Overload 3 ,4935,1000005814,12,12,0,1
Overload 3 ,6730,1000023396,12,12,0,1
Overload 1 ,2484,1000070268,15,15,0,1
Overload 1 ,2462,1000030883,15,15,0,1
Overload 2 ,10790,1000030883,15,15,0,1
Overload 1 ,5015,1000032671,12,12,0,1
Overload 2 ,3393,1000060832,12,12,0,1
Overload 1 ,3426,1000060832,12,12,0,1
Overload 1 ,5016,1000038667,12,12,0,1
Overload 1 ,10667,1000071757,12,12,0,1
Overload 3 ,8248,1000071757,12,12,0,1
Overload 2 ,3394,1000071757,12,12,0,1
Overload 1 ,7504,1000029607,12,12,0,1
Overload 1 ,5653,1000023209,12,12,0,1
Overload 1 ,6888,1000004750,12,12,0,1
Overload 2 ,6892,1000004750,12,12,0,1
Overload 1 ,8469,1000033320,12,12,0,1
Overload 1 ,1623,1000020709,12,12,0,1
Overload 2 ,1624,1000020709,12,12,0,1
Overload 4 ,9552,1000017515,15,15,0,1
Overload 3 ,9550,1000017515,15,15,0,1
Overload 1 ,6443,1000052687,16,16,0,1
Overload 2 ,8249,1000052687,12,12,0,1
Overload 3 ,10623,1000026256,12,12,0,1
Overload 1 ,1993,1000026256,12,12,0,1
Overload 2 ,1994,1000026256,12,12,0,1
Overload 1 ,10698,1000005998,12,12,0,1
Overload 1 ,6889,1000001279,12,12,0,1
Overload 2 ,3042,1000072268,12,12,0,1
Overload 1 ,3045,1000072268,12,12,0,1
Overload 1 ,6288,1000036878,12,12,0,1
Overload 2 ,8401,1000043678,15,15,0,1
Overload 3 ,4753,1000068833,12,12,0,1
Overload 2 ,10778,1000057873,12,12,0,1
Overload 1 ,2913,1000057873,12,12,0,1
Overload 3 ,10376,1000056397,12,12,0,1
Overload 2 ,6708,1000056397,12,12,0,1
Overload 1 ,8578,1000069507,12,12,0,1
Overload 1 ,3619,1000028617,12,12,0,1
Overload 2 ,3620,1000028617,12,12,0,1
Overload 2 ,3396,1000004345,12,12,0,1
Overload 1 ,4832,1000048834,12,12,0,1
Overload 2 ,7513,1000059792,12,12,0,1
Overload 3 ,8479,1000059792,12,12,0,1
Overload 1 ,4598,1000059792,12,12,0,1
Overload 1 ,4916,1000074875,12,12,0,1
Overload 2 ,1709,1000059369,6,6,0,1
Overload 3 ,1710,1000059369,6,6,0,1
Overload 1 ,1735,1000059369,12,12,0,1
Overload 2 ,7514,1000057577,12,12,0,1
Overload 3 ,8480,1000057577,12,12,0,1
Overload 1 ,4599,1000057577,12,12,0,1
Overload 1 ,8470,1000063058,12,12,0,1
Overload 3 ,10727,1000053880,12,12,0,1
Overload 1 ,6704,1000053880,12,12,0,1
Overload 2 ,6709,1000053880,12,12,0,1
Overload 3 ,10728,1000052151,12,12,0,1
Overload 1 ,3629,1000019813,12,12,0,1
Overload 2 ,3635,1000019813,12,12,0,1
Overload 1 ,2486,1000055074,15,15,0,1
Overload 2 ,10567,1000055074,15,15,0,1
Overload 1 ,6391,1000065120,16,16,0,1
Overload 2 ,3397,1000065120,12,12,0,1
Overload 1 ,1736,1000056217,12,12,0,1
Overload 2 ,7483,1000056217,12,12,0,1
Overload 2 ,8408,1000067882,12,12,0,1
Overload 3 ,8800,1000067882,12,12,0,1
Overload 1 ,7540,1000055234,16,16,0,1
Overload 2 ,2043,1000047415,12,12,0,1
Overload 3 ,7509,1000047415,12,12,0,1
Overload 1 ,8808,1000018295,12,12,0,1
Overload 1 ,6117,1000034477,12,12,0,1
Overload 2 ,6119,1000034477,12,12,0,1
Overload 1 ,10591,1000014745,12,12,0,1
Overload 1 ,4683,1000017285,12,12,0,1
Overload 1 ,4096,1000016445,12,12,0,1
Overload 2 ,4106,1000016445,6,6,0,1
Overload 2 ,8740,1000034441,12,12,0,1
Overload 1 ,6342,1000034441,12,12,0,1
Overload 1 ,8475,1000019133,12,12,0,1
Overload 1 ,4835,1000049975,12,12,0,1
Overload 1 ,8783,1000073139,15,15,0,1
Overload 2 ,7248,1000051949,4,4,0,1
Overload 1 ,7245,1000051949,4,4,0,1
Overload 4 ,8412,1000051949,4,4,0,1
Overload 3 ,8822,1000051949,4,4,0,1
Overload 1 ,4601,1000048395,12,12,0,1
Overload 1 ,7122,1000006404,12,12,0,1
Overload 2 ,7130,1000006404,12,12,0,1
Overload 1 ,10725,1000071308,12,12,0,1
Overload 2 ,7876,1000053498,12,12,0,1
Overload 1 ,2885,1000053498,12,12,0,1
Overload 1 ,8494,1000033708,16,16,0,1
Overload 1 ,4716,1000037387,12,12,0,1
Overload 1 ,4938,1000062342,12,12,0,1
Overload 1 ,6560,1000073497,12,12,0,1
Overload 2 ,10589,1000073497,12,12,0,1
Overload 1 ,10703,1000047206,12,12,0,1
Overload 1 ,4356,1000019322,16,16,0,1
Overload 4 ,10663,1000074560,12,12,0,1
Overload 1 ,6852,1000074560,12,12,0,1
Overload 3 ,10531,1000074560,12,12,0,1
Overload 1 ,2032,1000005142,12,12,0,1
Overload 2 ,10680,1000005142,12,12,0,1
Overload 1 ,10553,1000047354,15,15,0,1
Overload 2 ,10562,1000047354,15,15,0,1
Overload 1 ,8790,1000038150,12,12,0,1
Overload 1 ,10555,1000074055,15,15,0,1
Overload 2 ,10565,1000074055,15,15,0,1
Overload 1 ,8567,1000016222,12,12,0,1
Overload 3 ,8244,1000020705,20,20,0,1
Overload 1 ,2854,1000010208,12,12,0,1
Overload 2 ,10550,1000010208,12,12,0,1
Overload 1 ,5270,1000029441,12,12,0,1
Overload 1 ,8818,1000053885,12,12,0,1
Overload 1 ,6344,1000001863,12,12,0,1
Overload 2 ,6345,1000001863,12,12,0,1
Overload 3 ,6353,1000001863,12,12,0,1
Overload 1 ,5271,1002206236,12,12,0,1
Overload 2 ,10588,1000034825,12,12,0,1
Overload 1 ,6561,1000034825,12,12,0,1
Overload 3 ,10665,1000034825,12,12,0,1
Overload 1 ,10534,1002206246,12,12,0,1
Overload 2 ,2882,1002217759,12,12,0,1
Overload 1 ,10573,1002217759,12,12,0,1
Overload 1 ,6562,1000338838,12,12,0,1
Overload 1 ,6563,1001992781,12,12,0,1
Overload 1 ,10557,1000063034,15,15,0,1
Overload 2 ,10817,1000063034,15,15,0,1
Overload 3 ,2572,1000063034,15,15,0,1
Overload 1 ,10613,1000050105,12,12,0,1
Overload 3 ,10607,2000000161,12,12,0,1
Overload 1 ,3388,2000000161,12,12,0,1
Overload 2 ,10609,2000000161,12,12,0,1
Overload 1 ,3389,1000054297,12,12,0,1
Overload 1 ,3390,1000051797,12,12,0,1
Overload 1 ,7124,1000048019,12,12,0,1
Overload 2 ,7132,1000048019,12,12,0,1
Overload 2 ,8830,1000020002,12,12,0,1
Overload 1 ,6891,1000020002,12,12,0,1
Overload 1 ,3630,1000010191,12,12,0,1
Overload 2 ,3637,1000010191,12,12,0,1
Overload 1 ,1737,1000023895,12,12,0,1
Overload 1 ,3631,1000075094,12,12,0,1
Overload 2 ,3638,1000075094,12,12,0,1
Overload 1 ,3632,2000000153,12,12,0,1
Overload 1 ,4513,1000659752,12,12,0,1
Overload 1 ,3387,1000037369,12,9,3,1
Overload 2 ,1768,1000038169,12,8.25,3.75,1
Overload 1 ,7244,1000041965,4,0,4,1
Overload 2 ,7247,1000041965,4,0,4,1
Overload 3 ,8410,1000041965,4,0,4,1
Overload 4 ,8824,1000041965,4,0,4,1
Overload 1 ,7246,1000044417,4,0,4,1
Overload 2 ,10735,1000044417,4,0,4,1
Overload 3 ,8411,1000044417,4,0,4,1
Overload 4 ,10734,1000044417,4,0,4,1
Overload 2 ,10745,1000033708,16,12,4,1
Overload 1 ,4022,1000045048,12,6,6,1
Overload 2 ,10749,1000020476,12,6,6,1
Overload 2 ,1539,1000061986,6,0,6,1
Overload 3 ,1540,1000061986,6,0,6,1
Overload 4 ,1711,1000059369,6,0,6,1
Overload 1 ,5213,1000059276,12,6,6,1
Overload 2 ,1541,1000061638,6,0,6,1
Overload 3 ,1543,1000061638,6,0,6,1
Overload 4 ,1545,1000061638,6,0,6,1
Overload 2 ,6412,1000057864,16,8,8,1
Overload 1 ,7486,1000055461,15,6,9,1
Overload 2 ,6726,1000061472,12,0,12,1
Overload 1 ,6558,1000061472,12,0,12,1
Overload 1 ,1669,1000061986,12,0,12,1
Overload 1 ,4830,1000020700,12,0,12,1
Overload 2 ,6624,1000071029,12,0,12,1
Overload 1 ,6629,1000058506,12,0,12,1
Overload 2 ,6728,1000058506,12,0,12,1
Overload 1 ,6631,1000023396,12,0,12,1
Overload 2 ,6729,1000023396,12,0,12,1
Overload 3 ,10611,1000060832,12,0,12,1
Overload 3 ,3925,1000029607,12,0,12,1
Overload 2 ,7506,1000029607,12,0,12,1
Overload 1 ,8816,1000038169,12,0,12,1
Overload 1 ,6703,1000070360,12,0,12,1
Overload 2 ,6707,1000070360,12,0,12,1
Overload 1 ,10671,1000076777,12,0,12,1
Overload 1 ,4597,1000066726,12,0,12,1
Overload 2 ,4602,1000066726,12,0,12,1
Overload 2 ,8829,1000001279,12,0,12,1
Overload 1 ,4915,1000021780,12,0,12,1
Overload 1 ,2373,1000043678,15,3,12,1
Overload 1 ,6632,1000056397,12,0,12,1
Overload 1 ,3384,1000004345,12,0,12,1
Overload 1 ,6705,1000052151,12,0,12,1
Overload 2 ,6731,1000052151,12,0,12,1
Overload 3 ,10606,1000019813,12,0,12,1
Overload 1 ,7505,1000067882,12,0,12,1
Overload 1 ,7520,1000047415,12,0,12,1
Overload 3 ,10729,1000014745,12,0,12,1
Overload 2 ,6732,1000014745,12,0,12,1
Overload 2 ,2062,1000065741,12,0,12,1
Overload 1 ,1939,1000065741,12,0,12,1
Overload 1 ,2910,1000059021,12,0,12,1
Overload 1 ,8466,1000023559,12,0,12,1
Overload 3 ,2874,1000053498,12,0,12,1
Overload 2 ,2083,1000020705,12,0,12,1
Overload 4 ,10636,1000020705,12,0,12,1
Overload 1 ,7527,1000046108,12,0,12,1
Overload 1 ,4506,1000066926,12,0,12,1
Overload 3 ,10585,1002217759,12,0,12,1
Overload 2 ,10590,1000338838,12,0,12,1
Overload 2 ,7531,1001992781,12,0,12,1
Overload 1 ,10535,1000025068,12,0,12,1
Overload 2 ,3636,1000054297,12,0,12,1
Overload 1 ,1738,1000061638,12,0,12,1
Overload 1 ,2483,1000053123,15,0,15,1
Overload 1 ,2362,1000009358,15,0,15,1
Overload 1 ,7490,1000076241,15,0,15,1
Overload 1 ,10559,1000060827,15,0,15,1
Overload 2 ,4357,1000019322,16,0,16,1
Overload 4 ,10781,1000020700,20,0,20,1
Inload ,6554,1000061472,12,0,0,0
Overload 2 ,10704,1000039388,12,0,0,0
Overload 3 ,10705,1000039388,12,0,0,0
Inload ,3373,1000065835,12,0,0,0
Overload 1 ,3381,1000065835,12,0,0,0
Inload ,4115,1000045048,12,0,0,0
Inload ,8806,1000069848,12,0,0,0
Overload 1 ,3371,1000069848,12,0,0,0
Overload 2 ,3372,1000069848,12,0,0,0
Overload 2 ,4768,1000069029,4,0,0,0
Inload ,7518,1000069029,4,0,0,0
Overload 1 ,10666,1000069029,4,0,0,0
Inload ,4636,1000039552,12,0,0,0
Inload ,10782,1000054119,20,0,0,0
Overload 1 ,4784,1000054119,20,0,0,0
Overload 2 ,5003,1000054119,12,0,0,0
Inload ,4902,1000020476,12,0,0,0
Overload 2 ,3931,1000017633,12,0,0,0
Inload ,3929,1000017633,12,0,0,0
Overload 1 ,3930,1000017633,12,0,0,0
Overload 4 ,1079,1000008703,12,0,0,0
Overload 2 ,1011,1000008703,12,0,0,0
Overload 3 ,1012,1000008703,6,0,0,0
Inload ,1054,1000008703,12,0,0,0
Overload 1 ,1056,1000008703,12,0,0,0
Inload ,8809,1000054711,20,0,0,0
Overload 1 ,5013,1000054711,12,0,0,0
Inload ,1668,1000061986,12,0,0,0
Inload ,2463,1000053123,15,0,0,0
Inload ,3374,1000030753,12,0,0,0
Inload ,3622,1000057864,12,0,0,0
Inload ,8810,1000020700,20,0,0,0
Inload ,9637,1000000956,12,0,0,0
Inload ,4593,1000033233,12,0,0,0
Inload ,5958,1000068057,12,0,0,0
Overload 1 ,5694,1000068057,12,0,0,0
Overload 1 ,3960,1000034121,12,0,0,0
Overload 2 ,7497,1000034121,12,0,0,0
Inload ,7498,1000034121,12,0,0,0
Inload ,4651,1000073846,12,0,0,0
Overload 1 ,4652,1000073846,12,0,0,0
Overload 2 ,4653,1000073846,12,0,0,0
Inload ,3623,1000063987,12,0,0,0
Overload 1 ,3628,1000063987,12,0,0,0
Overload 2 ,3634,1000063987,12,0,0,0
Overload 3 ,10604,1000063987,12,0,0,0
Overload 1 ,5696,1000061996,12,0,0,0
Inload ,8063,1000061996,12,0,0,0
Overload 1 ,5690,1000035311,12,0,0,0
Overload 2 ,10707,1000027863,12,0,0,0
Inload ,4634,1000027863,12,0,0,0
Overload 1 ,4635,1000027863,12,0,0,0
Inload ,4825,1000062374,12,0,0,0
Overload 1 ,4831,1000062374,12,0,0,0
Inload ,5102,1000071878,12,0,0,0
Inload ,10598,1000031739,12,0,0,0
Overload 1 ,8264,1000065543,12,0,0,0
Overload 2 ,10536,1000065543,12,0,0,0
Inload ,1625,1000065543,12,0,0,0
Overload 4 ,4009,1000009900,12,0,0,0
Inload ,7264,1000009900,12,0,0,0
Overload 1 ,7383,1000009900,4,0,0,0
Overload 2 ,7535,1000009900,4,0,0,0
Overload 3 ,8414,1000009900,4,0,0,0
Inload ,6553,1000071029,12,0,0,0
Inload ,5004,1000041899,12,0,0,0
Overload 1 ,5014,1000041899,12,0,0,0
Inload ,4934,1000005814,12,0,0,0
Overload 2 ,10599,1000005652,12,0,0,0
Inload ,3014,1000005652,12,0,0,0
Overload 1 ,3016,1000005652,12,0,0,0
Overload 4 ,1947,1000005652,12,0,0,0
Inload ,5100,1000066478,12,0,0,0
Overload 2 ,5101,1000066478,12,0,0,0
Overload 1 ,4785,1000066478,20,0,0,0
Overload 1 ,3987,1000003072,12,0,0,0
Inload ,7265,1000041965,12,0,0,0
Overload 2 ,10592,1000017560,12,0,0,0
Inload ,6625,1000017560,12,0,0,0
Overload 1 ,6630,1000017560,12,0,0,0
Inload ,6626,1000023396,12,0,0,0
Overload 1 ,10699,1000013744,12,0,0,0
Inload ,6405,1000013744,16,0,0,0
Overload 3 ,6406,1000013744,16,0,0,0
Inload ,1033,1000058444,12,0,0,0
Overload 1 ,1036,1000058444,12,0,0,0
Overload 2 ,1007,1000058444,6,0,0,0
Overload 3 ,8400,1000058444,6,0,0,0
Overload 4 ,1003,1000058444,12,0,0,0
Inload ,2464,1000070268,15,0,0,0
Inload ,2461,1000030883,15,0,0,0
Inload ,5005,1000032671,12,0,0,0
Inload ,7266,1000060832,12,0,0,0
Inload ,5006,1000038667,12,0,0,0
Inload ,8718,1000054755,20,0,0,0
Inload ,8807,1000071757,12,0,0,0
Inload ,7115,1000027445,12,0,0,0
Overload 1 ,7120,1000027445,12,0,0,0
Overload 2 ,7127,1000027445,12,0,0,0
Inload ,7503,1000029607,12,0,0,0
Inload ,6698,1000070360,12,0,0,0
Inload ,10783,1000076777,20,0,0,0
Overload 1 ,8265,1000032612,12,0,0,0
Inload ,1626,1000032612,12,0,0,0
Overload 3 ,3139,1000032612,12,0,0,0
Overload 4 ,3140,1000032612,12,0,0,0
Inload ,5652,1000023209,12,0,0,0
Inload ,4594,1000066726,12,0,0,0
Inload ,6886,1000004750,12,0,0,0
Overload 2 ,6727,1000012966,12,0,0,0
Inload ,7494,1000012966,12,0,0,0
Overload 1 ,7495,1000012966,12,0,0,0
Inload ,1670,1000033320,12,0,0,0
Inload ,1627,1000020709,12,0,0,0
Inload ,8568,1000052687,12,0,0,0
Inload ,6289,1000047651,12,0,0,0
Overload 1 ,10724,1000047651,12,0,0,0
Overload 2 ,4856,1000038227,12,0,0,0
Overload 3 ,4857,1000038227,12,0,0,0
Inload ,5007,1000038227,12,0,0,0
Overload 1 ,10672,1000038227,12,0,0,0
Inload ,1992,1000026256,12,0,0,0
Inload ,9590,1000005998,12,0,0,0
Inload ,6887,1000001279,12,0,0,0
Inload ,10784,1000021780,20,0,0,0
Inload ,3043,1000072268,12,0,0,0
Inload ,1753,1000075834,12,0,0,0
Overload 1 ,10538,1000075834,12,0,0,0
Overload 2 ,10537,1000075834,12,0,0,0
Inload ,6287,1000036878,12,0,0,0
Inload ,4903,1000002587,12,0,0,0
Overload 1 ,5353,1000002587,12,0,0,0
Inload ,4870,1000055906,12,0,0,0
Overload 1 ,10673,1000055906,12,0,0,0
Inload ,2465,1000043678,15,0,0,0
Inload ,6061,1000008901,12,0,0,0
Inload ,2466,1000069257,15,0,0,0
Overload 1 ,2485,1000069257,15,0,0,0
Inload ,4742,1000068833,12,0,0,0
Inload ,2870,1000057873,12,0,0,0
Overload 3 ,10605,1000056559,12,0,0,0
Inload ,3375,1000056559,12,0,0,0
Overload 1 ,3383,1000056559,12,0,0,0
Overload 2 ,3395,1000056559,12,0,0,0
Overload 1 ,10701,1000053742,12,0,0,0
Inload ,6627,1000056397,12,0,0,0
Inload ,8579,1000069507,12,0,0,0
Inload ,3425,1000028617,12,0,0,0
Inload ,5103,1000002980,12,0,0,0
Overload 1 ,5164,1000002980,12,0,0,0
Overload 1 ,6237,1000017393,12,0,0,0
Inload ,6236,1000017393,12,0,0,0
Overload 1 ,7496,1000067775,12,0,0,0
Overload 2 ,6863,1000067775,12,0,0,0
Overload 1 ,7539,1000010886,16,0,0,0
Overload 2 ,10746,1000010886,16,0,0,0
Inload ,7517,1000010886,4,0,0,0
Inload ,3089,1000049390,12,0,0,0
Inload ,3376,1000004345,12,0,0,0
Inload ,5008,1000048834,12,0,0,0
Overload 3 ,5136,1000030865,12,0,0,0
Inload ,1034,1000030865,12,0,0,0
Overload 1 ,8395,1000030865,12,0,0,0
Overload 4 ,1067,1000030865,12,0,0,0
Overload 3 ,8831,1000008724,12,0,0,0
Overload 2 ,6885,1000008724,12,0,0,0
Overload 1 ,6890,1000008724,12,0,0,0
Inload ,4595,1000059792,12,0,0,0
Overload 1 ,3385,1000013542,12,0,0,0
Inload ,5654,1000053032,12,0,0,0
Overload 1 ,5655,1000053032,12,0,0,0
Overload 2 ,5656,1000053032,12,0,0,0
Overload 3 ,5657,1000053032,12,0,0,0
Inload ,5104,1000003052,12,0,0,0
Overload 1 ,5165,1000003052,12,0,0,0
Inload ,6114,1000074325,12,0,0,0
Overload 1 ,6116,1000074325,12,0,0,0
Overload 2 ,6118,1000074325,12,0,0,0
Inload ,1671,1000063058,12,0,0,0
Overload 1 ,10700,1000017855,12,0,0,0
Inload ,5009,1000017855,12,0,0,0
Inload ,6699,1000053880,12,0,0,0
Inload ,6700,1000052151,12,0,0,0
Inload ,7116,1000014509,12,0,0,0
Overload 1 ,7121,1000014509,12,0,0,0
Overload 2 ,7128,1000014509,12,0,0,0
Inload ,3624,1000019813,12,0,0,0
Inload ,2467,1000055074,15,0,0,0
Overload 1 ,2908,1000021208,12,0,0,0
Overload 2 ,2907,1000021208,12,0,0,0
Inload ,2863,1000021208,12,0,0,0
Inload ,6390,1000065120,16,0,0,0
Inload ,2468,1000055461,15,0,0,0
Inload ,6701,1000056863,12,0,0,0
Overload 2 ,8270,1000038527,12,0,0,0
Inload ,7532,1000038527,12,0,0,0
Overload 1 ,7533,1000038527,12,0,0,0
Overload 3 ,2031,1000038527,12,0,0,0
Overload 1 ,4937,1000054393,12,0,0,0
Inload ,5010,1000054393,12,0,0,0
Inload ,4826,1000075160,12,0,0,0
Overload 1 ,4833,1000075160,12,0,0,0
Inload ,4596,1000046539,12,0,0,0
Overload 1 ,4600,1000046539,12,0,0,0
Inload ,7537,1000055234,16,0,0,0
Inload ,3377,1000054192,12,0,0,0
Overload 1 ,3386,1000054192,12,0,0,0
Overload 2 ,8793,1000054192,12,0,0,0
Inload ,5011,1000047415,12,0,0,0
Inload ,10674,1000018295,12,0,0,0
Inload ,1672,1000023053,12,0,0,0
Overload 1 ,10540,1000023053,12,0,0,0
Overload 2 ,8474,1000023053,12,0,0,0
Inload ,6115,1000034477,12,0,0,0
Inload ,3111,1000044417,12,0,0,0
Overload 2 ,8799,1000027393,12,0,0,0
Overload 1 ,8465,1000027393,12,0,0,0
Inload ,1628,1000027393,12,0,0,0
Overload 1 ,8817,1000036608,12,0,0,0
Inload ,4936,1000036608,12,0,0,0
Inload ,6587,1000014745,12,0,0,0
Inload ,4682,1000017285,12,0,0,0
Inload ,6290,1000051894,12,0,0,0
Inload ,2469,1000064249,15,0,0,0
Overload 1 ,2482,1000064249,15,0,0,0
Inload ,6588,1000057717,12,0,0,0
Overload 2 ,10587,1000057717,12,0,0,0
Overload 1 ,6559,1000057717,12,0,0,0
Overload 3 ,10594,1000057717,12,0,0,0
Inload ,3378,1000037369,12,0,0,0
Inload ,2470,1000063569,15,0,0,0
Overload 1 ,7488,1000063569,15,0,0,0
Inload ,2471,1000076241,15,0,0,0
Overload 1 ,8779,1000008519,15,0,0,0
Inload ,9634,1000008519,15,0,0,0
Inload ,7499,1000076393,12,0,0,0
Overload 1 ,8795,1000076393,12,0,0,0
Overload 2 ,8796,1000076393,12,0,0,0
Inload ,10635,1000034441,12,0,0,0
Overload 2 ,7129,1000069132,12,0,0,0
Overload 1 ,8825,1000069132,12,0,0,0
Inload ,8493,1000069132,12,0,0,0
Inload ,1958,1000065741,12,0,0,0
Inload ,5693,1000056282,12,0,0,0
Inload ,3137,1000045435,12,0,0,0
Inload ,1035,1000009985,12,0,0,0
Overload 1 ,8396,1000009985,12,0,0,0
Overload 2 ,8398,1000009985,12,0,0,0
Overload 3 ,8772,1000009985,12,0,0,0
Inload ,10608,1000033181,12,0,0,0
Overload 1 ,10612,1000033181,12,0,0,0
Inload ,8247,1000059021,12,0,0,0
Inload ,1754,1000023559,12,0,0,0
Inload ,4827,1000057620,12,0,0,0
Overload 1 ,4834,1000057620,12,0,0,0
Inload ,2864,1000019133,12,0,0,0
Inload ,4828,1000049975,12,0,0,0
Overload 3 ,7492,1000065021,15,0,0,0
Inload ,2472,1000065021,15,0,0,0
Overload 1 ,8781,1000065021,15,0,0,0
Overload 2 ,10569,1000065021,15,0,0,0
Inload ,2473,1000073139,15,0,0,0
Overload 1 ,2912,1000010470,12,0,0,0
Inload ,2848,1000010470,12,0,0,0
Overload 1 ,6255,1000030864,12,0,0,0
Overload 2 ,6256,1000030864,12,0,0,0
Inload ,2474,1000062765,15,0,0,0
Overload 1 ,8785,1000062765,15,0,0,0
Inload ,4871,1000059276,12,0,0,0
Inload ,7117,1000006404,12,0,0,0
Inload ,10736,1000072782,12,0,0,0
Overload 2 ,2931,1000019783,12,0,0,0
Overload 3 ,2911,1000019783,12,0,0,0
Inload ,2889,1000019783,12,0,0,0
Overload 1 ,2890,1000019783,12,0,0,0
Inload ,6291,1000071308,12,0,0,0
Overload 1 ,10702,1000038640,12,0,0,0
Inload ,5012,1000038640,12,0,0,0
Overload 3 ,1542,1000058853,6,0,0,0
Overload 4 ,1544,1000058853,6,0,0,0
Overload 2 ,10544,1000058853,12,0,0,0
Overload 1 ,8467,1000058853,12,0,0,0
Inload ,1629,1000058853,12,0,0,0
Inload ,2906,1000053498,12,0,0,0
Inload ,7538,1000033708,16,0,0,0
Overload 1 ,7534,1000061970,4,0,0,0
Overload 2 ,7536,1000061970,4,0,0,0
Overload 3 ,8823,1000061970,4,0,0,0
Inload ,3138,1000061970,12,0,0,0
Inload ,5105,1000022520,12,0,0,0
Inload ,6292,1000006876,12,0,0,0
Overload 1 ,10723,1000006876,12,0,0,0
Inload ,6293,1000028744,12,0,0,0
Inload ,6294,1000029956,12,0,0,0
Inload ,5163,1000062342,12,0,0,0
Inload ,3090,1000060240,12,0,0,0
Inload ,4457,1000038837,17,0,0,0
Overload 1 ,4458,1000038837,17,0,0,0
Inload ,5106,1000047206,12,0,0,0
Inload ,4355,1000019322,16,0,0,0
Inload ,4420,1000002293,12,0,0,0
Overload 1 ,4429,1000002293,12,0,0,0
Overload 2 ,4416,1000002293,12,0,0,0
Overload 1 ,6633,1000059474,12,0,0,0
Inload ,1934,1000051623,12,0,0,0
Inload ,7530,1000005142,12,0,0,0
Inload ,2475,1000047354,15,0,0,0
Inload ,3015,1000038150,12,0,0,0
Inload ,2476,1000074055,15,0,0,0
Inload ,10586,1000016222,12,0,0,0
Inload ,2477,1000020705,15,0,0,0
Inload ,2935,1000010208,12,0,0,0
Inload ,4829,1000029441,12,0,0,0
Inload ,7848,1000040467,12,0,0,0
Overload 2 ,7507,1000074544,12,0,0,0
Overload 1 ,1475,1000074544,12,0,0,0
Inload ,1478,1000074544,12,0,0,0
Overload 3 ,7508,1000074544,12,0,0,0
Inload ,2036,1000046108,12,0,0,0
Inload ,4872,1000053885,12,0,0,0
Inload ,6343,1000001863,12,0,0,0
Inload ,4873,1000010984,12,0,0,0
Inload ,1769,1000014711,12,0,0,0
Overload 1 ,8468,1000014711,12,0,0,0
Inload ,4508,1000066926,12,0,0,0
Inload ,4874,1002206236,12,0,0,0
Inload ,6555,1000034825,12,0,0,0
Inload ,1630,1002206246,12,0,0,0
Overload 1 ,7123,1001190232,12,0,0,0
Overload 2 ,7131,1001190232,12,0,0,0
Inload ,6628,1000068616,12,0,0,0
Overload 1 ,6634,1000068616,12,0,0,0
Overload 2 ,10593,1000068616,12,0,0,0
Inload ,2478,1000048000,15,0,0,0
Inload ,2845,1002217759,12,0,0,0
Overload 1 ,10541,1002210364,12,0,0,0
Inload ,1868,1002210364,12,0,0,0
Inload ,5107,1000025137,12,0,0,0
Overload 1 ,10747,1000025137,12,0,0,0
Inload ,6556,1000338838,12,0,0,0
Inload ,1005,1000029371,6,0,0,0
Overload 1 ,1006,1000029371,6,0,0,0
Overload 2 ,7476,1000029371,6,0,0,0
Inload ,6557,1001992781,12,0,0,0
Inload ,2479,1000063034,15,0,0,0
Inload ,3800,1000050105,12,0,0,0
Inload ,5108,1001716811,12,0,0,0
Inload ,3379,2000000161,12,0,0,0
Overload 1 ,3046,1000027658,12,0,0,0
Inload ,1631,1000025068,12,0,0,0
Inload ,3380,1000051797,12,0,0,0
Inload ,8814,1000030879,12,0,0,0
Inload ,7118,1000048019,12,0,0,0
Inload ,6903,1000020002,12,0,0,0
Inload ,10675,1000001698,12,0,0,0
Inload ,3625,1000010191,12,0,0,0
Overload 1 ,3391,1000075338,12,0,0,0
Inload ,3398,1000075338,12,0,0,0
Overload 3 ,8789,1000668687,12,0,0,0
Inload ,3044,1000668687,12,0,0,0
Overload 1 ,3047,1000668687,12,0,0,0
Overload 2 ,3049,1000668687,12,0,0,0
Overload 1 ,8791,1000051072,12,0,0,0
Overload 2 ,8787,1000051072,12,0,0,0
Overload 3 ,10600,1000037862,12,0,0,0
Inload ,2480,1000037862,15,0,0,0
Overload 2 ,2064,1000037862,12,0,0,0
Overload 1 ,3048,1000037862,12,0,0,0
Inload ,1673,1000023895,12,0,0,0
Inload ,6062,1000057966,12,0,0,0
Overload 1 ,4415,2000000903,12,0,0,0
Inload ,1632,1001834099,12,0,0,0
Inload ,1055,1000025855,12,0,0,0
Overload 1 ,1062,1000025855,6,0,0,0
Overload 2 ,1063,1000025855,6,0,0,0
Overload 3 ,7477,1000025855,6,0,0,0
Overload 1 ,7125,2000000936,12,0,0,0
Overload 2 ,7133,2000000936,12,0,0,0
Overload 3 ,10738,2000000936,12,0,0,0
Overload 1 ,10748,1000028592,12,0,0,0
Inload ,4904,1000028592,12,0,0,0
Inload ,1776,1000061638,12,0,0,0
Overload 2 ,10726,1000064999,12,0,0,0
Overload 1 ,6706,1000064999,12,0,0,0
Inload ,2481,1000060827,15,0,0,0
Overload 1 ,10693,1000024118,12,0,0,0
